product_id,Product Name,year,month,quarter,sold_units,revenue,avg_price,avg_discount,total_profit,previous_month_units,previous_2_month_avg,previous_3_month_avg,previous_month_revenue,previous_month_profit,target_next_month_units
0,Accessories Alias,2024,9,3,2,55892.8,34933.0,20.0,4764.82,0.0,0.0,0.0,0.0,0.0,4
0,Accessories Alias,2025,5,2,4,29466.0,8185.0,10.0,2215.8,2.0,0.0,0.0,55892.8,4764.82,3
2,Accessories Animi,2024,1,1,2,110075.0,64750.0,15.0,8621.01,0.0,0.0,0.0,0.0,0.0,1
3,Accessories Architecto,2023,10,4,1,50399.9,59294.0,15.0,6193.37,0.0,0.0,0.0,0.0,0.0,4
9,Accessories Corporis,2025,7,3,5,295200.0,65600.0,10.0,63951.15,0.0,0.0,0.0,0.0,0.0,3
10,Accessories Culpa,2024,8,3,5,50035.0,10007.0,0.0,11418.45,0.0,0.0,0.0,0.0,0.0,3
13,Accessories Dignissimos,2023,11,4,4,46377.6,14493.0,20.0,5361.11,0.0,0.0,0.0,0.0,0.0,2
19,Accessories Eligendi,2024,12,4,5,36038.25,7587.0,5.0,2277.92,0.0,0.0,0.0,0.0,0.0,1
22,Accessories Est,2024,4,2,5,355720.0,71144.0,0.0,51224.26,0.0,0.0,0.0,0.0,0.0,5
23,Accessories Eveniet,2024,4,2,2,43891.9,23101.0,5.0,6699.61,0.0,0.0,0.0,0.0,0.0,3
28,Accessories Ipsam,2024,11,4,5,233667.0,51926.0,10.0,36076.39,0.0,0.0,0.0,0.0,0.0,2
28,Accessories Ipsam,2025,2,1,2,2672.0,1670.0,20.0,160.18,5.0,0.0,0.0,233667.0,36076.39,4
29,Accessories Ipsum,2024,2,1,4,119031.2,31324.0,5.0,22802.84,0.0,0.0,0.0,0.0,0.0,4
32,Accessories Iusto,2025,2,1,2,96194.5,56585.0,15.0,11679.89,0.0,0.0,0.0,0.0,0.0,4
37,Accessories Minima,2023,10,4,2,6908.4,3636.0,5.0,680.26,0.0,0.0,0.0,0.0,0.0,5
46,Accessories Pariatur,2023,12,4,5,283532.25,59691.0,5.0,43006.04,0.0,0.0,0.0,0.0,0.0,1
52,Accessories Quasi,2024,3,1,5,184654.0,43448.0,15.0,25041.58,0.0,0.0,0.0,0.0,0.0,2
54,Accessories Quia,2025,1,1,4,2305.2,678.0,15.0,563.7,0.0,0.0,0.0,0.0,0.0,4
58,Accessories Repellat,2025,7,3,3,157072.35,61597.0,15.0,19409.35,0.0,0.0,0.0,0.0,0.0,1
59,Accessories Repellendus,2024,3,1,4,221152.0,69110.0,20.0,54248.84,0.0,0.0,0.0,0.0,0.0,5
59,Accessories Repellendus,2024,8,3,5,353172.0,74352.0,5.0,60835.67,4.0,0.0,0.0,221152.0,54248.84,2
66,Accessories Velit,2024,8,3,2,104787.2,65492.0,20.0,15070.65,0.0,0.0,0.0,0.0,0.0,4
67,Accessories Veritatis,2024,6,2,3,100716.0,33572.0,0.0,16412.52,0.0,0.0,0.0,0.0,0.0,1
72,Action Figure Ab,2024,5,2,5,116472.0,29118.0,20.0,17210.26,0.0,0.0,0.0,0.0,0.0,2
73,Action Figure Accusantium,2024,3,1,5,303615.75,71439.0,15.0,70173.14,0.0,0.0,0.0,0.0,0.0,5
84,Action Figure Cum,2023,12,4,4,268348.4,70618.0,5.0,50743.1,0.0,0.0,0.0,0.0,0.0,4
86,Action Figure Deserunt,2023,10,4,3,92557.35,36297.0,15.0,8958.85,0.0,0.0,0.0,0.0,0.0,4
88,Action Figure Distinctio,2024,4,2,2,38484.0,21380.0,10.0,9220.31,0.0,0.0,0.0,0.0,0.0,3
98,Action Figure Enim,2024,4,2,1,33337.85,39221.0,15.0,2238.25,0.0,0.0,0.0,0.0,0.0,5
107,Action Figure Ipsum,2024,5,2,4,274838.4,76344.0,10.0,62452.3,0.0,0.0,0.0,0.0,0.0,4
109,Action Figure Iure,2023,10,4,3,111753.75,43825.0,15.0,7213.9,0.0,0.0,0.0,0.0,0.0,2
110,Action Figure Laboriosam,2023,12,4,2,77233.6,48271.0,20.0,13625.93,0.0,0.0,0.0,0.0,0.0,5
113,Action Figure Magni,2024,8,3,2,33288.0,17520.0,5.0,7421.63,0.0,0.0,0.0,0.0,0.0,4
116,Action Figure Mollitia,2023,10,4,6,305271.5,36989.5,2.5,67627.53,0.0,0.0,0.0,0.0,0.0,4
116,Action Figure Mollitia,2023,11,4,4,7712.0,1928.0,0.0,765.58,6.0,0.0,0.0,305271.5,67627.53,1
123,Action Figure Numquam,2024,7,3,3,14347.8,5314.0,10.0,1830.28,0.0,0.0,0.0,0.0,0.0,4
128,Action Figure Possimus,2024,5,2,5,209897.75,44189.0,5.0,33204.58,0.0,0.0,0.0,0.0,0.0,5
129,Action Figure Praesentium,2024,4,2,2,114251.9,67207.0,15.0,27397.73,0.0,0.0,0.0,0.0,0.0,5
131,Action Figure Quam,2024,8,3,1,53646.4,67058.0,20.0,6289.52,0.0,0.0,0.0,0.0,0.0,1
135,Action Figure Quidem,2024,1,1,2,40320.6,23718.0,15.0,7534.24,0.0,0.0,0.0,0.0,0.0,5
154,Bed Ab,2025,5,2,1,47875.5,53195.0,10.0,3040.78,0.0,0.0,0.0,0.0,0.0,1
155,Bed Accusamus,2024,10,4,5,108893.5,25622.0,15.0,23866.22,0.0,0.0,0.0,0.0,0.0,5
158,Bed Alias,2023,11,4,4,246460.4,64858.0,5.0,59284.02,0.0,0.0,0.0,0.0,0.0,2
161,Bed Architecto,2025,7,3,3,129863.85,50927.0,15.0,11599.47,0.0,0.0,0.0,0.0,0.0,4
165,Bed Blanditiis,2024,4,2,5,205929.5,48454.0,15.0,27567.8,0.0,0.0,0.0,0.0,0.0,4
171,Bed Culpa,2024,1,1,1,10814.4,12016.0,10.0,641.61,0.0,0.0,0.0,0.0,0.0,4
173,Bed Distinctio,2024,10,4,1,8844.5,9310.0,5.0,502.84,0.0,0.0,0.0,0.0,0.0,3
176,Bed Dolorem,2023,11,4,4,29156.4,8099.0,10.0,7080.79,0.0,0.0,0.0,0.0,0.0,9
178,Bed Dolores,2023,12,4,1,70622.0,70622.0,0.0,7828.6,0.0,0.0,0.0,0.0,0.0,1
187,Bed Illum,2024,2,1,1,54140.4,60156.0,10.0,11831.41,0.0,0.0,0.0,0.0,0.0,4
190,Bed Ipsa,2023,10,4,1,25337.7,28153.0,10.0,1913.13,0.0,0.0,0.0,0.0,0.0,5
190,Bed Ipsa,2024,6,2,5,141877.75,33383.0,15.0,34615.46,1.0,0.0,0.0,25337.7,1913.13,1
190,Bed Ipsa,2025,2,1,1,5190.95,6107.0,15.0,503.29,5.0,3.0,0.0,141877.75,34615.46,1
194,Bed Iure,2024,4,2,4,237750.8,62566.0,5.0,37337.17,0.0,0.0,0.0,0.0,0.0,2
195,Bed Iusto,2024,6,2,1,63998.1,71109.0,10.0,4593.02,0.0,0.0,0.0,0.0,0.0,5
195,Bed Iusto,2025,1,1,5,176760.0,35352.0,0.0,25858.04,1.0,0.0,0.0,63998.1,4593.02,3
197,Bed Laudantium,2024,6,2,1,54834.35,64511.0,15.0,7152.58,0.0,0.0,0.0,0.0,0.0,3
198,Bed Magnam,2024,3,1,4,84736.0,21184.0,0.0,17468.09,0.0,0.0,0.0,0.0,0.0,2
210,Bed Officiis,2024,9,3,1,40468.5,44965.0,10.0,3617.94,0.0,0.0,0.0,0.0,0.0,3
212,Bed Pariatur,2024,3,1,1,18065.7,20073.0,10.0,4015.11,0.0,0.0,0.0,0.0,0.0,1
213,Bed Perferendis,2024,8,3,3,177102.6,69452.0,15.0,22802.49,0.0,0.0,0.0,0.0,0.0,1
214,Bed Praesentium,2024,2,1,4,4664.0,1166.0,0.0,307.33,0.0,0.0,0.0,0.0,0.0,2
215,Bed Quaerat,2024,3,1,6,279688.39999999997,42782.0,15.0,43241.520000000004,0.0,0.0,0.0,0.0,0.0,2
221,Bed Reprehenderit,2023,11,4,1,43572.7,51262.0,15.0,4384.18,0.0,0.0,0.0,0.0,0.0,2
221,Bed Reprehenderit,2024,5,2,2,119426.0,59713.0,0.0,10672.58,1.0,0.0,0.0,43572.7,4384.18,3
221,Bed Reprehenderit,2024,12,4,3,43457.1,17042.0,15.0,10061.05,2.0,1.5,0.0,119426.0,10672.58,1
222,Bed Sapiente,2023,10,4,5,178044.0,44511.0,20.0,41209.73,0.0,0.0,0.0,0.0,0.0,1
227,Bed Tempora,2024,3,1,1,35237.0,35237.0,0.0,7954.51,0.0,0.0,0.0,0.0,0.0,4
230,Bed Tenetur,2023,10,4,5,296105.5,62338.0,5.0,54528.52,0.0,0.0,0.0,0.0,0.0,2
230,Bed Tenetur,2024,10,4,2,75329.3,39647.0,5.0,15386.06,5.0,0.0,0.0,296105.5,54528.52,4
231,Bed Ullam,2023,11,4,4,71084.0,17771.0,0.0,6882.6,0.0,0.0,0.0,0.0,0.0,3
231,Bed Ullam,2024,4,2,3,26924.4,9972.0,10.0,4913.49,4.0,0.0,0.0,71084.0,6882.6,3
237,Biography Accusamus,2024,7,3,2,62236.8,38898.0,20.0,5609.48,0.0,0.0,0.0,0.0,0.0,3
242,Biography At,2025,1,1,3,57531.6,21308.0,10.0,5108.01,0.0,0.0,0.0,0.0,0.0,3
250,Biography Deserunt,2023,11,4,5,64281.75,13533.0,5.0,7907.34,0.0,0.0,0.0,0.0,0.0,1
250,Biography Deserunt,2025,3,1,1,54330.0,54330.0,0.0,8921.7,5.0,0.0,0.0,64281.75,7907.34,2
252,Biography Dignissimos,2024,1,1,1,13776.0,17220.0,20.0,1016.55,0.0,0.0,0.0,0.0,0.0,2
252,Biography Dignissimos,2024,4,2,2,69114.0,34557.0,0.0,10488.22,1.0,0.0,0.0,13776.0,1016.55,3
256,Biography Eaque,2024,5,2,1,43784.35,51511.0,15.0,2675.16,0.0,0.0,0.0,0.0,0.0,1
262,Biography Facere,2024,4,2,1,11212.35,13191.0,15.0,1889.64,0.0,0.0,0.0,0.0,0.0,2
263,Biography Facilis,2025,8,3,5,70175.0,14035.0,0.0,16803.05,0.0,0.0,0.0,0.0,0.0,1
264,Biography Illum,2025,3,1,2,86927.8,51134.0,15.0,14222.35,0.0,0.0,0.0,0.0,0.0,5
266,Biography Ipsa,2024,1,1,3,2050.2,804.0,15.0,433.45,0.0,0.0,0.0,0.0,0.0,1
267,Biography Iusto,2025,2,1,5,238900.0,47780.0,0.0,15423.74,0.0,0.0,0.0,0.0,0.0,2
267,Biography Iusto,2025,5,2,2,120297.1,70763.0,15.0,28266.87,5.0,0.0,0.0,238900.0,15423.74,2
279,Biography Neque,2024,10,4,1,65704.15,77299.0,15.0,4199.71,0.0,0.0,0.0,0.0,0.0,1
280,Biography Nesciunt,2024,6,2,1,35051.45,41237.0,15.0,8215.55,0.0,0.0,0.0,0.0,0.0,3
281,Biography Nihil,2024,3,1,4,147312.0,36828.0,0.0,31263.35,0.0,0.0,0.0,0.0,0.0,3
281,Biography Nihil,2024,10,4,3,44367.0,14789.0,0.0,6707.02,4.0,0.0,0.0,147312.0,31263.35,2
286,Biography Occaecati,2023,11,4,5,94900.5,21089.0,10.0,11152.81,0.0,0.0,0.0,0.0,0.0,5
287,Biography Odio,2023,11,4,2,3478.2,2046.0,15.0,686.24,0.0,0.0,0.0,0.0,0.0,4
290,Biography Optio,2024,4,2,1,62444.8,78056.0,20.0,7677.58,0.0,0.0,0.0,0.0,0.0,2
290,Biography Optio,2024,5,2,2,116863.1,68743.0,15.0,28129.25,1.0,0.0,0.0,62444.8,7677.58,5
303,Biography Repellat,2024,8,3,3,33091.2,12256.0,10.0,2875.01,0.0,0.0,0.0,0.0,0.0,3
303,Biography Repellat,2024,12,4,3,161047.2,67103.0,20.0,16390.92,3.0,0.0,0.0,33091.2,2875.01,1
307,Biography Similique,2024,2,1,5,177229.25,41701.0,15.0,36719.2,0.0,0.0,0.0,0.0,0.0,2
308,Biography Sint,2024,1,1,1,2205.9,2322.0,5.0,346.13,0.0,0.0,0.0,0.0,0.0,1
308,Biography Sint,2024,9,3,1,27223.2,28656.0,5.0,5327.56,1.0,0.0,0.0,2205.9,346.13,4
310,Biography Tempora,2023,10,4,2,79061.9,46507.0,15.0,8747.7,0.0,0.0,0.0,0.0,0.0,5
311,Biography Temporibus,2025,5,2,1,66879.05,70399.0,5.0,15026.25,0.0,0.0,0.0,0.0,0.0,3
312,Biography Tenetur,2024,4,2,2,4420.8,2456.0,10.0,365.65,0.0,0.0,0.0,0.0,0.0,5
313,Biography Ullam,2024,8,3,3,52237.65,18329.0,5.0,3191.91,0.0,0.0,0.0,0.0,0.0,1
316,Biography Veniam,2024,6,2,2,100312.0,50156.0,0.0,8300.6,0.0,0.0,0.0,0.0,0.0,2
318,Biography Voluptates,2024,7,3,2,39654.4,24784.0,20.0,3688.29,0.0,0.0,0.0,0.0,0.0,2
319,Board Game A,2024,2,1,5,211775.0,42355.0,0.0,41918.73,0.0,0.0,0.0,0.0,0.0,1
319,Board Game A,2024,9,3,1,539.75,635.0,15.0,69.23,5.0,0.0,0.0,211775.0,41918.73,2
320,Board Game Ab,2024,5,2,5,120327.0,25332.0,5.0,25226.34,0.0,0.0,0.0,0.0,0.0,5
320,Board Game Ab,2024,11,4,5,85212.0,18936.0,10.0,9790.15,5.0,0.0,0.0,120327.0,25226.34,5
322,Board Game Accusantium,2024,3,1,3,189522.15,66499.0,5.0,45136.59,0.0,0.0,0.0,0.0,0.0,1
329,Board Game Autem,2023,10,4,4,262557.2,69094.0,5.0,26050.67,0.0,0.0,0.0,0.0,0.0,3
335,Board Game Deleniti,2025,2,1,3,5937.3,2199.0,10.0,1434.68,0.0,0.0,0.0,0.0,0.0,4
338,Board Game Earum,2024,11,4,5,81404.5,19154.0,15.0,8267.53,0.0,0.0,0.0,0.0,0.0,5
346,Board Game Impedit,2024,1,1,2,38307.8,20162.0,5.0,4196.91,0.0,0.0,0.0,0.0,0.0,1
355,Board Game Modi,2025,2,1,4,94965.8,24991.0,5.0,19774.72,0.0,0.0,0.0,0.0,0.0,4
360,Board Game Nulla,2023,11,4,4,167524.0,41881.0,0.0,24231.61,0.0,0.0,0.0,0.0,0.0,5
360,Board Game Nulla,2024,10,4,5,53969.5,11362.0,5.0,6503.05,4.0,0.0,0.0,167524.0,24231.61,4
361,Board Game Officiis,2024,1,1,3,158964.45,55777.0,5.0,20036.06,0.0,0.0,0.0,0.0,0.0,2
367,Board Game Praesentium,2024,2,1,3,135936.9,50347.0,10.0,32641.68,0.0,0.0,0.0,0.0,0.0,1
368,Board Game Quae,2024,4,2,5,118728.0,27936.0,15.0,16896.36,0.0,0.0,0.0,0.0,0.0,4
379,Board Game Rem,2024,8,3,2,63491.4,35273.0,10.0,11506.5,0.0,0.0,0.0,0.0,0.0,3
381,Board Game Repudiandae,2024,11,4,1,54775.2,68469.0,20.0,7708.35,0.0,0.0,0.0,0.0,0.0,5
383,Board Game Sed,2024,12,4,2,30371.5,15985.0,5.0,5935.88,0.0,0.0,0.0,0.0,0.0,1
384,Board Game Sequi,2024,9,3,2,141893.9,74681.0,5.0,9116.35,0.0,0.0,0.0,0.0,0.0,2
390,Board Game Veniam,2024,5,2,1,14101.5,16590.0,15.0,753.61,0.0,0.0,0.0,0.0,0.0,2
390,Board Game Veniam,2024,11,4,2,66620.0,33310.0,0.0,4069.39,1.0,0.0,0.0,14101.5,753.61,3
394,Cabinet Ab,2023,11,4,3,106306.95,41689.0,15.0,9053.89,0.0,0.0,0.0,0.0,0.0,2
399,Cabinet Aperiam,2023,12,4,1,7817.0,7817.0,0.0,588.04,0.0,0.0,0.0,0.0,0.0,5
400,Cabinet Asperiores,2025,3,1,5,311815.0,62363.0,0.0,67265.59,0.0,0.0,0.0,0.0,0.0,3
406,Cabinet Cupiditate,2023,12,4,1,24974.1,27749.0,10.0,2221.99,0.0,0.0,0.0,0.0,0.0,5
411,Cabinet Dolores,2024,3,1,5,48622.5,10805.0,10.0,5823.27,0.0,0.0,0.0,0.0,0.0,5
412,Cabinet Doloribus,2023,10,4,4,66008.0,16502.0,0.0,4033.91,0.0,0.0,0.0,0.0,0.0,1
413,Cabinet Ducimus,2024,12,4,2,3884.8,2428.0,20.0,607.5,0.0,0.0,0.0,0.0,0.0,3
415,Cabinet Earum,2024,10,4,5,259628.0,64907.0,20.0,28981.01,0.0,0.0,0.0,0.0,0.0,2
423,Cabinet Hic,2025,3,1,5,136937.75,28829.0,5.0,8604.56,0.0,0.0,0.0,0.0,0.0,4
431,Cabinet Magnam,2023,10,4,2,114872.4,67572.0,15.0,8379.83,0.0,0.0,0.0,0.0,0.0,1
431,Cabinet Magnam,2024,4,2,1,29299.5,32555.0,10.0,3886.88,2.0,0.0,0.0,114872.4,8379.83,4
435,Cabinet Natus,2024,9,3,3,97338.9,34154.0,5.0,22647.53,0.0,0.0,0.0,0.0,0.0,1
442,Cabinet Nostrum,2024,11,4,4,205502.8,60442.0,15.0,34719.98,0.0,0.0,0.0,0.0,0.0,5
443,Cabinet Occaecati,2024,12,4,7,200545.59999999998,34665.0,20.0,20179.6,0.0,0.0,0.0,0.0,0.0,5
445,Cabinet Officia,2023,10,4,3,111720.6,43812.0,15.0,5915.45,0.0,0.0,0.0,0.0,0.0,5
452,Cabinet Quasi,2025,7,3,2,20972.8,13108.0,20.0,2193.88,0.0,0.0,0.0,0.0,0.0,2
455,Cabinet Quos,2025,1,1,3,102770.4,42821.0,20.0,16063.07,0.0,0.0,0.0,0.0,0.0,2
456,Cabinet Ratione,2023,10,4,2,44440.0,27775.0,20.0,2544.88,0.0,0.0,0.0,0.0,0.0,1
466,Cabinet Voluptate,2023,11,4,4,190132.0,47533.0,0.0,26592.55,0.0,0.0,0.0,0.0,0.0,4
474,Camera Atque,2025,4,2,2,115785.0,64325.0,10.0,23937.05,0.0,0.0,0.0,0.0,0.0,1
474,Camera Atque,2025,6,2,1,19236.8,24046.0,20.0,1484.91,2.0,0.0,0.0,115785.0,23937.05,4
480,Camera Culpa,2024,2,1,4,66473.4,19551.0,15.0,10615.49,0.0,0.0,0.0,0.0,0.0,4
480,Camera Culpa,2024,8,3,4,126426.0,33270.0,5.0,12467.79,4.0,0.0,0.0,66473.4,10615.49,2
484,Camera Dignissimos,2024,10,4,2,54538.2,30299.0,10.0,10554.74,0.0,0.0,0.0,0.0,0.0,3
489,Camera Eligendi,2024,5,2,3,152260.8,63442.0,20.0,27539.63,0.0,0.0,0.0,0.0,0.0,2
490,Camera Enim,2023,11,4,4,142332.0,35583.0,0.0,21316.24,0.0,0.0,0.0,0.0,0.0,2
491,Camera Error,2023,10,4,4,110680.0,27670.0,0.0,6516.53,0.0,0.0,0.0,0.0,0.0,5
502,Camera Ipsa,2025,1,1,1,62529.4,73564.0,15.0,13309.3,0.0,0.0,0.0,0.0,0.0,1
523,Camera Perspiciatis,2024,8,3,5,212660.0,53165.0,20.0,26272.47,0.0,0.0,0.0,0.0,0.0,3
524,Camera Placeat,2023,10,4,5,174989.5,41174.0,15.0,16206.53,0.0,0.0,0.0,0.0,0.0,5
524,Camera Placeat,2024,9,3,5,155600.5,32758.0,5.0,33651.01,5.0,0.0,0.0,174989.5,16206.53,3
531,Camera Quod,2024,7,3,3,16421.4,6082.0,10.0,2105.21,0.0,0.0,0.0,0.0,0.0,2
535,Camera Reprehenderit,2025,4,2,4,205929.6,64353.0,20.0,14098.48,0.0,0.0,0.0,0.0,0.0,4
537,Camera Sit,2023,12,4,3,160053.6,66689.0,20.0,24508.62,0.0,0.0,0.0,0.0,0.0,5
548,Chair Ad,2023,11,4,4,126529.2,35147.0,10.0,31426.35,0.0,0.0,0.0,0.0,0.0,2
548,Chair Ad,2024,9,3,2,67899.6,37722.0,10.0,12947.94,4.0,0.0,0.0,126529.2,31426.35,4
549,Chair Adipisci,2024,1,1,4,201119.4,51913.0,10.0,14992.279999999999,0.0,0.0,0.0,0.0,0.0,1
549,Chair Adipisci,2024,6,2,1,42844.0,53555.0,20.0,6579.6,4.0,0.0,0.0,201119.4,14992.279999999999,4
549,Chair Adipisci,2024,9,3,4,193211.8,56827.0,15.0,22291.16,1.0,2.5,0.0,42844.0,6579.6,4
554,Chair Assumenda,2023,11,4,2,149425.5,78645.0,5.0,16809.48,0.0,0.0,0.0,0.0,0.0,4
554,Chair Assumenda,2025,1,1,4,96892.8,30279.0,20.0,14303.18,2.0,0.0,0.0,149425.5,16809.48,5
562,Chair Dicta,2023,10,4,4,163229.0,42955.0,5.0,26318.32,0.0,0.0,0.0,0.0,0.0,1
567,Chair Excepturi,2024,4,2,2,142120.8,78956.0,10.0,12670.11,0.0,0.0,0.0,0.0,0.0,1
571,Chair Impedit,2024,1,1,5,133172.0,33293.0,20.0,19316.3,0.0,0.0,0.0,0.0,0.0,1
575,Chair Labore,2025,4,2,2,46242.0,23121.0,0.0,7892.02,0.0,0.0,0.0,0.0,0.0,4
587,Chair Odit,2024,1,1,3,71349.0,27980.0,15.0,15172.76,0.0,0.0,0.0,0.0,0.0,4
591,Chair Perferendis,2024,4,2,4,32720.0,8180.0,0.0,2779.92,0.0,0.0,0.0,0.0,0.0,1
593,Chair Possimus,2023,10,4,2,145688.2,76678.0,5.0,19981.67,0.0,0.0,0.0,0.0,0.0,3
599,Chair Quisquam,2023,11,4,1,21404.7,25182.0,15.0,3877.56,0.0,0.0,0.0,0.0,0.0,3
600,Chair Quo,2024,12,4,1,63597.85,74821.0,15.0,12212.62,0.0,0.0,0.0,0.0,0.0,1
607,Chair Tempora,2023,11,4,5,157403.0,37036.0,15.0,34631.43,0.0,0.0,0.0,0.0,0.0,5
609,Chair Unde,2024,1,1,4,234090.0,65025.0,10.0,44512.95,0.0,0.0,0.0,0.0,0.0,2
609,Chair Unde,2024,7,3,2,123448.7,64973.0,5.0,14448.41,4.0,0.0,0.0,234090.0,44512.95,2
614,Chair Vero,2024,9,3,4,119612.8,37379.0,20.0,14358.68,0.0,0.0,0.0,0.0,0.0,4
615,Chair Voluptate,2024,6,2,4,282450.2,74329.0,5.0,39218.71,0.0,0.0,0.0,0.0,0.0,2
616,Chair Voluptatum,2024,5,2,5,122234.25,28761.0,15.0,21318.01,0.0,0.0,0.0,0.0,0.0,4
616,Chair Voluptatum,2024,10,4,4,49024.0,12256.0,0.0,4940.52,5.0,0.0,0.0,122234.25,21318.01,4
617,Clock Ab,2024,6,2,2,112394.0,56197.0,0.0,22487.52,0.0,0.0,0.0,0.0,0.0,4
620,Clock Amet,2024,9,3,5,339824.5,71542.0,5.0,35606.12,0.0,0.0,0.0,0.0,0.0,2
621,Clock Animi,2024,8,3,3,9236.1,3622.0,15.0,2038.38,0.0,0.0,0.0,0.0,0.0,4
622,Clock Assumenda,2024,8,3,1,70009.3,73694.0,5.0,13909.36,0.0,0.0,0.0,0.0,0.0,2
624,Clock Atque,2024,1,1,1,64688.4,71876.0,10.0,9686.98,0.0,0.0,0.0,0.0,0.0,1
629,Clock Debitis,2023,10,4,3,86985.6,36244.0,20.0,20603.82,0.0,0.0,0.0,0.0,0.0,4
652,Clock Iusto,2024,10,4,4,197305.6,61658.0,20.0,12488.94,0.0,0.0,0.0,0.0,0.0,4
653,Clock Labore,2024,8,3,1,25908.4,27272.0,5.0,3410.62,0.0,0.0,0.0,0.0,0.0,1
656,Clock Maiores,2024,3,1,3,155898.0,57740.0,10.0,11346.78,0.0,0.0,0.0,0.0,0.0,3
657,Clock Minima,2024,2,1,5,265684.0,66421.0,20.0,33071.17,0.0,0.0,0.0,0.0,0.0,1
658,Clock Modi,2024,6,2,3,53500.2,18772.0,5.0,11704.02,0.0,0.0,0.0,0.0,0.0,4
658,Clock Modi,2024,10,4,4,230499.2,72031.0,20.0,34283.79,3.0,0.0,0.0,53500.2,11704.02,1
662,Clock Odit,2024,3,1,3,53654.4,19872.0,10.0,12127.18,0.0,0.0,0.0,0.0,0.0,2
664,Clock Officiis,2024,1,1,3,70446.0,23482.0,0.0,9047.77,0.0,0.0,0.0,0.0,0.0,4
665,Clock Optio,2024,5,2,2,57235.6,30124.0,5.0,10384.91,0.0,0.0,0.0,0.0,0.0,4
666,Clock Perferendis,2024,3,1,2,114362.9,60191.0,5.0,7027.29,0.0,0.0,0.0,0.0,0.0,2
668,Clock Porro,2023,11,4,4,254435.6,74834.0,15.0,61038.1,0.0,0.0,0.0,0.0,0.0,4
674,Clock Quisquam,2024,8,3,2,89578.8,49766.0,10.0,15571.54,0.0,0.0,0.0,0.0,0.0,2
675,Clock Recusandae,2023,12,4,2,94440.1,55553.0,15.0,17734.41,0.0,0.0,0.0,0.0,0.0,5
675,Clock Recusandae,2024,9,3,5,159230.0,31846.0,0.0,12362.22,2.0,0.0,0.0,94440.1,17734.41,5
677,Clock Reprehenderit,2024,7,3,5,157792.5,35065.0,10.0,15634.85,0.0,0.0,0.0,0.0,0.0,4
679,Clock Rerum,2024,8,3,2,59007.6,32782.0,10.0,4037.99,0.0,0.0,0.0,0.0,0.0,2
684,Clock Voluptates,2024,4,2,2,68502.6,36054.0,5.0,16746.83,0.0,0.0,0.0,0.0,0.0,3
701,Comics Dignissimos,2024,5,2,4,193905.4,57031.0,15.0,17820.36,0.0,0.0,0.0,0.0,0.0,4
708,Comics Ea,2024,5,2,5,92633.0,21796.0,15.0,4841.67,0.0,0.0,0.0,0.0,0.0,5
710,Comics Eos,2025,2,1,2,80529.0,47370.0,15.0,6489.76,0.0,0.0,0.0,0.0,0.0,5
711,Comics Esse,2023,10,4,5,263736.0,58608.0,10.0,28829.07,0.0,0.0,0.0,0.0,0.0,2
713,Comics Eveniet,2024,7,3,5,55455.0,11091.0,0.0,2989.92,0.0,0.0,0.0,0.0,0.0,2
716,Comics Facilis,2025,5,2,5,278617.5,61915.0,10.0,23888.73,0.0,0.0,0.0,0.0,0.0,2
720,Comics Iste,2023,12,4,2,111191.9,65407.0,15.0,24561.29,0.0,0.0,0.0,0.0,0.0,2
725,Comics Libero,2024,4,2,3,32339.1,12682.0,15.0,6108.21,0.0,0.0,0.0,0.0,0.0,1
734,Comics Nulla,2024,5,2,2,115257.8,60662.0,5.0,13502.63,0.0,0.0,0.0,0.0,0.0,5
735,Comics Omnis,2025,3,1,5,133395.0,26679.0,0.0,16580.96,0.0,0.0,0.0,0.0,0.0,4
737,Comics Placeat,2024,4,2,2,130094.9,68471.0,5.0,7882.32,0.0,0.0,0.0,0.0,0.0,3
740,Comics Quam,2023,11,4,1,8465.45,8911.0,5.0,1696.03,0.0,0.0,0.0,0.0,0.0,5
740,Comics Quam,2024,11,4,5,79465.0,15893.0,0.0,13889.37,1.0,0.0,0.0,8465.45,1696.03,4
744,Comics Quibusdam,2024,11,4,3,1848.75,725.0,15.0,432.21,0.0,0.0,0.0,0.0,0.0,1
746,Comics Quo,2025,4,2,1,15894.4,19868.0,20.0,1844.37,0.0,0.0,0.0,0.0,0.0,3
752,Comics Suscipit,2024,1,1,2,100322.0,50161.0,0.0,20051.09,0.0,0.0,0.0,0.0,0.0,4
752,Comics Suscipit,2025,8,3,4,147985.2,41107.0,10.0,8141.62,2.0,0.0,0.0,100322.0,20051.09,4
755,Comics Unde,2024,1,1,1,46037.7,54162.0,15.0,7591.8,0.0,0.0,0.0,0.0,0.0,4
755,Comics Unde,2024,7,3,4,149100.6,39237.0,5.0,21260.28,1.0,0.0,0.0,46037.7,7591.8,3
759,Comics Voluptatibus,2024,5,2,7,425006.4,51084.0,5.0,23466.84,0.0,0.0,0.0,0.0,0.0,3
759,Comics Voluptatibus,2024,9,3,3,16358.25,6415.0,15.0,1430.73,7.0,0.0,0.0,425006.4,23466.84,4
764,Cookware Set Aliquam,2024,11,4,3,129021.6,53759.0,20.0,13193.29,0.0,0.0,0.0,0.0,0.0,1
768,Cookware Set Autem,2023,10,4,5,210629.25,44343.0,5.0,21869.69,0.0,0.0,0.0,0.0,0.0,4
769,Cookware Set Beatae,2023,12,4,3,118029.0,39343.0,0.0,19795.15,0.0,0.0,0.0,0.0,0.0,3
769,Cookware Set Beatae,2024,10,4,3,16644.0,5548.0,0.0,2668.12,3.0,0.0,0.0,118029.0,19795.15,1
772,Cookware Set Consequatur,2024,5,2,4,185388.0,46347.0,0.0,21047.84,0.0,0.0,0.0,0.0,0.0,1
774,Cookware Set Corporis,2024,12,4,1,17341.0,17341.0,0.0,2656.37,0.0,0.0,0.0,0.0,0.0,1
778,Cookware Set Dignissimos,2024,8,3,5,206840.0,51710.0,20.0,23176.39,0.0,0.0,0.0,0.0,0.0,2
791,Cookware Set Esse,2024,4,2,1,41038.2,45598.0,10.0,8831.35,0.0,0.0,0.0,0.0,0.0,4
792,Cookware Set Eveniet,2024,1,1,3,103523.4,36324.0,5.0,12449.98,0.0,0.0,0.0,0.0,0.0,1
794,Cookware Set Fugit,2023,10,4,2,95004.0,47502.0,0.0,11676.27,0.0,0.0,0.0,0.0,0.0,5
795,Cookware Set Harum,2025,1,1,4,75844.2,19959.0,5.0,12769.71,0.0,0.0,0.0,0.0,0.0,4
795,Cookware Set Harum,2025,2,1,4,21500.0,5375.0,0.0,3932.93,4.0,0.0,0.0,75844.2,12769.71,3
796,Cookware Set Hic,2024,4,2,1,22947.2,28684.0,20.0,4436.45,0.0,0.0,0.0,0.0,0.0,3
798,Cookware Set Illo,2023,11,4,4,204393.6,63873.0,20.0,20085.01,0.0,0.0,0.0,0.0,0.0,1
799,Cookware Set In,2023,12,4,2,12367.8,6871.0,10.0,2120.75,0.0,0.0,0.0,0.0,0.0,3
800,Cookware Set Incidunt,2024,1,1,1,15825.6,17584.0,10.0,3032.16,0.0,0.0,0.0,0.0,0.0,1
803,Cookware Set Ipsum,2024,6,2,1,59535.9,66151.0,10.0,10175.19,0.0,0.0,0.0,0.0,0.0,4
804,Cookware Set Laborum,2024,6,2,4,147417.2,43358.0,15.0,7648.12,0.0,0.0,0.0,0.0,0.0,4
812,Cookware Set Natus,2024,11,4,4,121340.8,37919.0,20.0,11472.37,0.0,0.0,0.0,0.0,0.0,4
813,Cookware Set Necessitatibus,2024,2,1,3,146071.05,51253.0,5.0,13243.68,0.0,0.0,0.0,0.0,0.0,3
813,Cookware Set Necessitatibus,2025,1,1,3,100445.4,37202.0,10.0,11651.15,3.0,0.0,0.0,146071.05,13243.68,1
815,Cookware Set Neque,2023,10,4,4,61936.0,15484.0,0.0,10861.3,0.0,0.0,0.0,0.0,0.0,2
845,Cookware Set Ut,2024,3,1,5,135517.5,30115.0,10.0,8531.85,0.0,0.0,0.0,0.0,0.0,1
849,Cookware Set Voluptatem,2024,5,2,3,73598.1,28862.0,15.0,6355.73,0.0,0.0,0.0,0.0,0.0,1
854,Cricket Bat Aliquid,2023,12,4,5,156748.0,39187.0,20.0,36611.86,0.0,0.0,0.0,0.0,0.0,4
857,Cricket Bat Assumenda,2024,7,3,2,120024.0,75015.0,20.0,16077.34,0.0,0.0,0.0,0.0,0.0,3
869,Cricket Bat Distinctio,2024,1,1,3,37840.8,15767.0,20.0,8626.75,0.0,0.0,0.0,0.0,0.0,3
871,Cricket Bat Doloremque,2024,1,1,5,343630.0,68726.0,0.0,60282.44,0.0,0.0,0.0,0.0,0.0,2
871,Cricket Bat Doloremque,2025,3,1,2,26198.7,15411.0,15.0,6130.13,5.0,0.0,0.0,343630.0,60282.44,1
876,Cricket Bat Eos,2023,10,4,2,67581.0,37545.0,10.0,3379.92,0.0,0.0,0.0,0.0,0.0,5
880,Cricket Bat Ex,2024,11,4,4,91043.2,28451.0,20.0,17254.47,0.0,0.0,0.0,0.0,0.0,5
887,Cricket Bat Incidunt,2024,4,2,5,169196.75,39811.0,15.0,13455.71,0.0,0.0,0.0,0.0,0.0,5
890,Cricket Bat Iure,2024,10,4,3,44081.85,17287.0,15.0,5764.54,0.0,0.0,0.0,0.0,0.0,3
898,Cricket Bat Molestias,2023,11,4,4,13729.4,3613.0,5.0,830.97,0.0,0.0,0.0,0.0,0.0,3
898,Cricket Bat Molestias,2024,4,2,3,127485.6,53119.0,20.0,9311.45,4.0,0.0,0.0,13729.4,830.97,3
899,Cricket Bat Necessitatibus,2024,9,3,1,37990.75,44695.0,15.0,3808.67,0.0,0.0,0.0,0.0,0.0,4
904,Cricket Bat Officiis,2025,1,1,3,33180.3,12289.0,10.0,3695.39,0.0,0.0,0.0,0.0,0.0,2
907,Cricket Bat Placeat,2024,11,4,2,18284.4,10158.0,10.0,2902.96,0.0,0.0,0.0,0.0,0.0,2
912,Cricket Bat Quidem,2024,1,1,3,80920.05,28393.0,5.0,13853.3,0.0,0.0,0.0,0.0,0.0,2
916,Cricket Bat Sint,2024,4,2,1,25492.5,28325.0,10.0,2994.68,0.0,0.0,0.0,0.0,0.0,1
919,Cricket Bat Ullam,2024,3,1,4,52073.6,16273.0,20.0,6809.53,0.0,0.0,0.0,0.0,0.0,5
930,Cushion Consectetur,2024,5,2,3,167700.0,69875.0,20.0,12130.7,0.0,0.0,0.0,0.0,0.0,3
933,Cushion Cumque,2024,1,1,3,209970.9,73674.0,5.0,14653.34,0.0,0.0,0.0,0.0,0.0,4
941,Cushion Doloribus,2024,1,1,3,165378.0,55126.0,0.0,10723.59,0.0,0.0,0.0,0.0,0.0,3
947,Cushion Et,2023,10,4,2,94970.0,47485.0,0.0,12609.38,0.0,0.0,0.0,0.0,0.0,3
956,Cushion Ipsum,2023,11,4,5,29124.0,6472.0,10.0,7277.61,0.0,0.0,0.0,0.0,0.0,3
957,Cushion Iste,2024,3,1,1,36402.1,38318.0,5.0,2870.15,0.0,0.0,0.0,0.0,0.0,3
961,Cushion Laudantium,2024,11,4,3,214047.9,79277.0,10.0,47028.5,0.0,0.0,0.0,0.0,0.0,2
971,Cushion Non,2024,10,4,1,65987.1,73319.0,10.0,7355.54,0.0,0.0,0.0,0.0,0.0,5
974,Cushion Praesentium,2025,4,2,3,164584.65,64543.0,15.0,18249.62,0.0,0.0,0.0,0.0,0.0,5
982,Cushion Quos,2023,11,4,4,1641.6,456.0,10.0,198.27,0.0,0.0,0.0,0.0,0.0,5
985,Cushion Rem,2024,12,4,5,343966.5,76437.0,10.0,71314.27,0.0,0.0,0.0,0.0,0.0,3
989,Cushion Similique,2024,2,1,3,59502.0,19834.0,0.0,11271.56,0.0,0.0,0.0,0.0,0.0,1
989,Cushion Similique,2025,1,1,1,28121.0,28121.0,0.0,2646.92,3.0,0.0,0.0,59502.0,11271.56,3
990,Cushion Sint,2024,8,3,3,114960.0,47900.0,20.0,11993.39,0.0,0.0,0.0,0.0,0.0,1
1000,Doll Ab,2023,12,4,5,102927.75,33867.5,12.5,13344.65,0.0,0.0,0.0,0.0,0.0,4
1000,Doll Ab,2024,9,3,4,288203.4,75843.0,5.0,38958.84,5.0,0.0,0.0,102927.75,13344.65,3
1001,Doll Accusamus,2024,1,1,2,34876.8,21798.0,20.0,2317.16,0.0,0.0,0.0,0.0,0.0,4
1007,Doll Assumenda,2024,2,1,1,28703.3,30214.0,5.0,3668.91,0.0,0.0,0.0,0.0,0.0,2
1007,Doll Assumenda,2024,3,1,2,119981.2,63148.0,5.0,23234.02,1.0,0.0,0.0,28703.3,3668.91,2
1012,Doll Debitis,2024,1,1,3,125687.85,44101.0,5.0,22363.32,0.0,0.0,0.0,0.0,0.0,2
1019,Doll Enim,2024,1,1,4,176047.2,48902.0,10.0,42930.82,0.0,0.0,0.0,0.0,0.0,5
1023,Doll Eveniet,2025,3,1,1,67075.0,67075.0,0.0,4915.7,0.0,0.0,0.0,0.0,0.0,4
1026,Doll Hic,2024,11,4,3,45148.8,18812.0,20.0,2803.69,0.0,0.0,0.0,0.0,0.0,4
1027,Doll Illum,2024,3,1,4,59130.0,16425.0,10.0,8281.68,0.0,0.0,0.0,0.0,0.0,3
1028,Doll Impedit,2025,5,2,1,35844.45,37731.0,5.0,5051.94,0.0,0.0,0.0,0.0,0.0,2
1029,Doll Incidunt,2025,3,1,4,304932.0,76233.0,0.0,36668.09,0.0,0.0,0.0,0.0,0.0,5
1041,Doll Nemo,2024,4,2,3,158325.6,65969.0,20.0,31387.2,0.0,0.0,0.0,0.0,0.0,1
1044,Doll Odio,2023,10,4,4,269914.0,71030.0,5.0,65933.8,0.0,0.0,0.0,0.0,0.0,2
1045,Doll Omnis,2024,5,2,5,107706.25,22675.0,5.0,20529.19,0.0,0.0,0.0,0.0,0.0,2
1048,Doll Quasi,2023,11,4,3,132934.05,52131.0,15.0,17718.31,0.0,0.0,0.0,0.0,0.0,4
1058,Doll Sit,2024,3,1,1,17904.0,17904.0,0.0,2671.04,0.0,0.0,0.0,0.0,0.0,3
1058,Doll Sit,2024,8,3,3,9639.0,3570.0,10.0,2116.57,1.0,0.0,0.0,17904.0,2671.04,2
1059,Doll Soluta,2024,2,1,2,75977.2,39988.0,5.0,11786.61,0.0,0.0,0.0,0.0,0.0,5
1061,Doll Tempore,2024,7,3,5,90315.0,20070.0,10.0,5812.04,0.0,0.0,0.0,0.0,0.0,2
1068,Dumbbells Accusamus,2024,5,2,5,73380.0,18345.0,20.0,13731.52,0.0,0.0,0.0,0.0,0.0,2
1068,Dumbbells Accusamus,2024,8,3,2,16858.7,8873.0,5.0,2506.08,5.0,0.0,0.0,73380.0,13731.52,3
1074,Dumbbells Assumenda,2024,11,4,3,45494.55,17841.0,15.0,9243.25,0.0,0.0,0.0,0.0,0.0,3
1080,Dumbbells Cupiditate,2023,12,4,4,48237.2,12694.0,5.0,7333.18,0.0,0.0,0.0,0.0,0.0,3
1083,Dumbbells Dignissimos,2024,2,1,2,47941.2,26634.0,10.0,5258.87,0.0,0.0,0.0,0.0,0.0,2
1085,Dumbbells Dolorem,2024,9,3,5,160352.0,40088.0,20.0,28140.21,0.0,0.0,0.0,0.0,0.0,1
1086,Dumbbells Doloremque,2024,11,4,4,190150.4,59422.0,20.0,41659.44,0.0,0.0,0.0,0.0,0.0,5
1091,Dumbbells Est,2023,10,4,3,177196.8,73832.0,20.0,21583.02,0.0,0.0,0.0,0.0,0.0,3
1091,Dumbbells Est,2024,8,3,3,124987.2,52078.0,20.0,11868.47,3.0,0.0,0.0,177196.8,21583.02,4
1100,Dumbbells Illum,2023,12,4,1,16696.25,17575.0,5.0,1664.8,0.0,0.0,0.0,0.0,0.0,3
1102,Dumbbells Ipsa,2023,12,4,5,91941.0,19356.0,5.0,9831.89,0.0,0.0,0.0,0.0,0.0,3
1115,Dumbbells Odio,2024,3,1,2,11109.5,6535.0,15.0,1550.18,0.0,0.0,0.0,0.0,0.0,3
1116,Dumbbells Omnis,2025,5,2,4,76563.2,23926.0,20.0,4002.06,0.0,0.0,0.0,0.0,0.0,2
1120,Dumbbells Quas,2024,1,1,1,33580.8,41976.0,20.0,5185.12,0.0,0.0,0.0,0.0,0.0,2
1128,Dumbbells Soluta,2024,6,2,3,39789.6,16579.0,20.0,4240.62,0.0,0.0,0.0,0.0,0.0,1
1130,Dumbbells Suscipit,2024,7,3,1,26505.55,31183.0,15.0,3839.14,0.0,0.0,0.0,0.0,0.0,2
1134,Dumbbells Unde,2024,3,1,3,1537.65,603.0,15.0,263.86,0.0,0.0,0.0,0.0,0.0,4
1137,Dumbbells Veritatis,2024,2,1,3,81237.0,27079.0,0.0,4616.46,0.0,0.0,0.0,0.0,0.0,1
1139,Dumbbells Voluptate,2025,5,2,4,99913.6,31223.0,20.0,13410.54,0.0,0.0,0.0,0.0,0.0,2
1140,Dumbbells Voluptatem,2023,12,4,1,12463.0,12463.0,0.0,2373.57,0.0,0.0,0.0,0.0,0.0,2
1146,Face Cream Aliquid,2024,1,1,3,70173.6,29239.0,20.0,4185.68,0.0,0.0,0.0,0.0,0.0,4
1146,Face Cream Aliquid,2025,3,1,4,244085.4,64233.0,5.0,33740.64,3.0,0.0,0.0,70173.6,4185.68,5
1150,Face Cream Consequatur,2024,6,2,3,61592.7,24154.0,15.0,7626.36,0.0,0.0,0.0,0.0,0.0,2
1151,Face Cream Corrupti,2024,2,1,3,91206.0,33780.0,10.0,17898.65,0.0,0.0,0.0,0.0,0.0,2
1161,Face Cream Earum,2024,6,2,2,30672.0,15336.0,0.0,2749.95,0.0,0.0,0.0,0.0,0.0,1
1168,Face Cream Harum,2023,11,4,5,23856.0,5964.0,20.0,2508.49,0.0,0.0,0.0,0.0,0.0,5
1169,Face Cream Id,2023,12,4,5,90019.25,21181.0,15.0,4561.6,0.0,0.0,0.0,0.0,0.0,5
1173,Face Cream Ipsam,2024,3,1,5,18861.5,4438.0,15.0,3782.64,0.0,0.0,0.0,0.0,0.0,5
1176,Face Cream Laboriosam,2024,11,4,1,27307.95,32127.0,15.0,2029.38,0.0,0.0,0.0,0.0,0.0,8
1184,Face Cream Molestias,2024,1,1,4,113893.6,29972.0,5.0,10569.81,0.0,0.0,0.0,0.0,0.0,2
1186,Face Cream Necessitatibus,2024,6,2,5,20605.0,4121.0,0.0,2931.88,0.0,0.0,0.0,0.0,0.0,5
1189,Face Cream Nihil,2024,11,4,3,172902.0,57634.0,0.0,38978.19,0.0,0.0,0.0,0.0,0.0,2
1201,Face Cream Quisquam,2024,1,1,3,156822.0,52274.0,0.0,7844.5,0.0,0.0,0.0,0.0,0.0,5
1204,Face Cream Quos,2024,1,1,1,55803.35,65651.0,15.0,6949.43,0.0,0.0,0.0,0.0,0.0,1
1206,Face Cream Reiciendis,2024,3,1,3,177156.0,59052.0,0.0,16898.04,0.0,0.0,0.0,0.0,0.0,5
1208,Face Cream Repellat,2024,10,4,2,19402.2,10779.0,10.0,4298.75,0.0,0.0,0.0,0.0,0.0,1
1216,Face Cream Tenetur,2024,3,1,1,56215.0,56215.0,0.0,13489.94,0.0,0.0,0.0,0.0,0.0,3
1222,Face Cream Voluptatum,2024,4,2,3,20109.6,7448.0,10.0,1613.25,0.0,0.0,0.0,0.0,0.0,5
1222,Face Cream Voluptatum,2024,5,2,5,156028.5,34673.0,10.0,23506.05,3.0,0.0,0.0,20109.6,1613.25,5
1226,Fiction Aliquid,2024,8,3,1,51740.35,60871.0,15.0,7952.62,0.0,0.0,0.0,0.0,0.0,1
1229,Fiction Aperiam,2025,1,1,4,28876.0,7219.0,0.0,5234.13,0.0,0.0,0.0,0.0,0.0,5
1230,Fiction Aut,2024,8,3,2,139626.0,69813.0,0.0,31459.66,0.0,0.0,0.0,0.0,0.0,3
1231,Fiction Blanditiis,2024,1,1,3,28857.6,10688.0,10.0,4466.64,0.0,0.0,0.0,0.0,0.0,4
1233,Fiction Consectetur,2023,12,4,5,235236.0,58809.0,20.0,53954.65,0.0,0.0,0.0,0.0,0.0,5
1238,Fiction Dicta,2024,7,3,3,47097.0,15699.0,0.0,11281.88,0.0,0.0,0.0,0.0,0.0,2
1240,Fiction Dolorem,2025,3,1,4,99263.0,29195.0,15.0,7993.99,0.0,0.0,0.0,0.0,0.0,2
1241,Fiction Doloremque,2024,5,2,4,315732.0,78933.0,0.0,42110.49,0.0,0.0,0.0,0.0,0.0,4
1245,Fiction Eos,2024,4,2,2,120103.2,66724.0,10.0,19912.51,0.0,0.0,0.0,0.0,0.0,1
1246,Fiction Est,2023,10,4,1,67209.3,74677.0,10.0,4514.98,0.0,0.0,0.0,0.0,0.0,4
1258,Fiction Ipsum,2024,3,1,5,221337.0,49186.0,10.0,14531.62,0.0,0.0,0.0,0.0,0.0,4
1276,Fiction Officiis,2024,2,1,2,9347.2,5842.0,20.0,861.5,0.0,0.0,0.0,0.0,0.0,3
1276,Fiction Officiis,2024,7,3,3,8501.55,2983.0,5.0,1069.73,2.0,0.0,0.0,9347.2,861.5,2
1276,Fiction Officiis,2024,10,4,2,85460.4,47478.0,10.0,8476.63,3.0,2.5,0.0,8501.55,1069.73,3
1285,Fiction Quisquam,2024,3,1,3,54052.8,22522.0,20.0,3842.98,0.0,0.0,0.0,0.0,0.0,4
1285,Fiction Quisquam,2024,4,2,4,113634.0,31565.0,10.0,11751.62,3.0,0.0,0.0,54052.8,3842.98,2
1289,Fiction Rem,2024,12,4,1,51101.45,53791.0,5.0,10381.05,0.0,0.0,0.0,0.0,0.0,2
1289,Fiction Rem,2025,2,1,2,53116.5,31245.0,15.0,4992.38,1.0,0.0,0.0,51101.45,10381.05,5
1290,Fiction Reprehenderit,2024,8,3,4,288921.6,76032.0,5.0,14845.82,0.0,0.0,0.0,0.0,0.0,1
1298,Fiction Velit,2024,11,4,1,52740.8,65926.0,20.0,4635.38,0.0,0.0,0.0,0.0,0.0,2
1301,Fiction Voluptates,2024,7,3,2,141650.0,70825.0,0.0,29067.19,0.0,0.0,0.0,0.0,0.0,5
1306,Football Aliquid,2024,5,2,2,31228.8,19518.0,20.0,1800.58,0.0,0.0,0.0,0.0,0.0,1
1306,Football Aliquid,2024,11,4,1,61199.1,67999.0,10.0,12278.12,2.0,0.0,0.0,31228.8,1800.58,1
1307,Football Animi,2025,1,1,2,93711.8,49322.0,5.0,16471.19,0.0,0.0,0.0,0.0,0.0,4
1308,Football Architecto,2024,11,4,4,193075.8,56787.0,15.0,18580.58,0.0,0.0,0.0,0.0,0.0,5
1311,Football Commodi,2024,8,3,3,139956.75,54885.0,15.0,25632.64,0.0,0.0,0.0,0.0,0.0,1
1311,Football Commodi,2024,11,4,1,18676.0,18676.0,0.0,977.31,3.0,0.0,0.0,139956.75,25632.64,1
1311,Football Commodi,2025,2,1,1,27476.25,32325.0,15.0,2496.55,1.0,2.0,0.0,18676.0,977.31,1
1316,Football Distinctio,2024,4,2,4,278247.6,77291.0,10.0,27845.6,0.0,0.0,0.0,0.0,0.0,4
1318,Football Dolore,2024,2,1,2,88928.0,44464.0,0.0,6803.49,0.0,0.0,0.0,0.0,0.0,2
1322,Football Ea,2024,1,1,5,21175.5,4458.0,5.0,3963.23,0.0,0.0,0.0,0.0,0.0,2
1327,Football Eos,2024,1,1,2,23441.3,13789.0,15.0,4454.78,0.0,0.0,0.0,0.0,0.0,5
1331,Football Eum,2024,1,1,2,139644.3,73497.0,5.0,17243.39,0.0,0.0,0.0,0.0,0.0,2
1334,Football Exercitationem,2023,12,4,5,76177.0,17924.0,15.0,9593.59,0.0,0.0,0.0,0.0,0.0,2
1336,Football Fugiat,2024,5,2,1,7634.7,8982.0,15.0,1420.66,0.0,0.0,0.0,0.0,0.0,3
1337,Football Fugit,2023,11,4,2,120825.6,75516.0,20.0,21724.94,0.0,0.0,0.0,0.0,0.0,3
1338,Football Harum,2023,12,4,4,218196.0,60610.0,10.0,38301.45,0.0,0.0,0.0,0.0,0.0,4
1338,Football Harum,2024,1,1,4,167054.4,46404.0,10.0,18374.62,4.0,0.0,0.0,218196.0,38301.45,3
1344,Football Magni,2024,8,3,2,20680.0,10340.0,0.0,3091.38,0.0,0.0,0.0,0.0,0.0,5
1344,Football Magni,2025,1,1,5,91318.5,20293.0,10.0,8856.08,2.0,0.0,0.0,20680.0,3091.38,4
1345,Football Maiores,2024,2,1,6,112112.25,20763.0,2.5,12178.68,0.0,0.0,0.0,0.0,0.0,1
1345,Football Maiores,2024,4,2,1,2187.0,2430.0,10.0,202.04,6.0,0.0,0.0,112112.25,12178.68,1
1346,Football Modi,2023,11,4,8,441858.3,56423.0,5.0,76038.53,0.0,0.0,0.0,0.0,0.0,1
1347,Football Molestiae,2024,4,2,3,24931.8,9234.0,10.0,2440.9,0.0,0.0,0.0,0.0,0.0,1
1348,Football Natus,2024,6,2,1,32373.9,35971.0,10.0,2879.74,0.0,0.0,0.0,0.0,0.0,5
1354,Football Nulla,2024,1,1,2,83740.0,41870.0,0.0,14233.88,0.0,0.0,0.0,0.0,0.0,5
1355,Football Occaecati,2024,2,1,1,62910.0,69900.0,10.0,11827.45,0.0,0.0,0.0,0.0,0.0,2
1355,Football Occaecati,2025,2,1,2,76692.0,38346.0,0.0,9755.04,1.0,0.0,0.0,62910.0,11827.45,4
1358,Football Optio,2023,12,4,2,149654.0,74827.0,0.0,21057.2,0.0,0.0,0.0,0.0,0.0,4
1362,Football Provident,2025,2,1,3,54095.7,21214.0,15.0,2905.57,0.0,0.0,0.0,0.0,0.0,2
1374,Football Sequi,2025,1,1,3,65308.8,27212.0,20.0,12706.81,0.0,0.0,0.0,0.0,0.0,1
1377,Football Soluta,2024,10,4,3,150536.7,59034.0,15.0,30666.04,0.0,0.0,0.0,0.0,0.0,3
1388,Foundation Alias,2024,7,3,3,3955.05,1551.0,15.0,342.09,0.0,0.0,0.0,0.0,0.0,2
1389,Foundation Aperiam,2024,1,1,3,13060.8,5442.0,20.0,1476.31,0.0,0.0,0.0,0.0,0.0,1
1391,Foundation Assumenda,2023,10,4,4,171700.0,42925.0,0.0,28766.76,0.0,0.0,0.0,0.0,0.0,1
1399,Foundation Deleniti,2024,6,2,4,53283.6,14022.0,5.0,3108.83,0.0,0.0,0.0,0.0,0.0,2
1400,Foundation Deserunt,2024,6,2,2,17398.3,9157.0,5.0,3437.35,0.0,0.0,0.0,0.0,0.0,3
1415,Foundation Facere,2024,3,1,4,66986.4,17628.0,5.0,9414.83,0.0,0.0,0.0,0.0,0.0,4
1424,Foundation Ipsa,2024,3,1,1,62831.2,78539.0,20.0,8239.7,0.0,0.0,0.0,0.0,0.0,3
1445,Foundation Perspiciatis,2023,11,4,3,232833.0,77611.0,0.0,50971.37,0.0,0.0,0.0,0.0,0.0,3
1445,Foundation Perspiciatis,2024,8,3,3,210764.7,78061.0,10.0,15073.91,3.0,0.0,0.0,232833.0,50971.37,3
1447,Foundation Quisquam,2024,1,1,4,95664.0,23916.0,0.0,15179.03,0.0,0.0,0.0,0.0,0.0,5
1449,Foundation Ratione,2024,9,3,1,33717.8,39668.0,15.0,5056.32,0.0,0.0,0.0,0.0,0.0,3
1454,Foundation Sed,2024,2,1,2,105138.0,52569.0,0.0,6082.19,0.0,0.0,0.0,0.0,0.0,4
1460,Foundation Ullam,2024,5,2,3,129969.0,43323.0,0.0,13215.51,0.0,0.0,0.0,0.0,0.0,1
1465,Headphones A,2024,3,1,3,43747.5,15350.0,5.0,8556.76,0.0,0.0,0.0,0.0,0.0,4
1466,Headphones Accusantium,2023,10,4,5,338545.0,67709.0,0.0,81868.89,0.0,0.0,0.0,0.0,0.0,5
1466,Headphones Accusantium,2024,10,4,5,257524.5,60594.0,15.0,18555.34,5.0,0.0,0.0,338545.0,81868.89,3
1466,Headphones Accusantium,2025,6,2,3,184682.7,68401.0,10.0,30435.71,5.0,5.0,0.0,257524.5,18555.34,1
1468,Headphones Aliquam,2024,3,1,4,136421.6,40124.0,15.0,19061.19,0.0,0.0,0.0,0.0,0.0,1
1469,Headphones Aliquid,2024,7,3,4,243910.8,67753.0,10.0,48980.36,0.0,0.0,0.0,0.0,0.0,2
1470,Headphones Animi,2025,2,1,4,228886.4,71527.0,20.0,22035.51,0.0,0.0,0.0,0.0,0.0,3
1472,Headphones At,2024,1,1,1,61848.0,61848.0,0.0,5578.91,0.0,0.0,0.0,0.0,0.0,1
1474,Headphones Corporis,2023,10,4,2,113414.4,70884.0,20.0,17484.96,0.0,0.0,0.0,0.0,0.0,3
1474,Headphones Corporis,2023,11,4,3,190608.0,79420.0,20.0,41600.7,2.0,0.0,0.0,113414.4,17484.96,5
1476,Headphones Deserunt,2024,11,4,1,42151.2,52689.0,20.0,7150.82,0.0,0.0,0.0,0.0,0.0,5
1477,Headphones Dolore,2023,11,4,5,110404.25,23243.0,5.0,19256.79,0.0,0.0,0.0,0.0,0.0,5
1481,Headphones Error,2023,11,4,1,61948.0,77435.0,20.0,14141.39,0.0,0.0,0.0,0.0,0.0,4
1489,Headphones Illo,2024,1,1,1,71979.3,79977.0,10.0,16673.46,0.0,0.0,0.0,0.0,0.0,4
1489,Headphones Illo,2025,5,2,4,67150.0,19750.0,15.0,8067.9,1.0,0.0,0.0,71979.3,16673.46,5
1491,Headphones Incidunt,2024,10,4,4,230403.6,64001.0,10.0,36781.62,0.0,0.0,0.0,0.0,0.0,5
1492,Headphones Inventore,2025,1,1,1,29745.75,34995.0,15.0,2158.66,0.0,0.0,0.0,0.0,0.0,3
1497,Headphones Laboriosam,2024,3,1,2,127129.0,66910.0,5.0,11643.35,0.0,0.0,0.0,0.0,0.0,2
1497,Headphones Laboriosam,2024,12,4,2,41542.2,23079.0,10.0,3033.07,2.0,0.0,0.0,127129.0,11643.35,3
1502,Headphones Minus,2023,10,4,1,43326.0,48140.0,10.0,8066.39,0.0,0.0,0.0,0.0,0.0,3
1505,Headphones Non,2024,5,2,3,139612.5,54750.0,15.0,12103.4,0.0,0.0,0.0,0.0,0.0,4
1505,Headphones Non,2025,2,1,4,87472.2,23019.0,5.0,9805.34,3.0,0.0,0.0,139612.5,12103.4,2
1514,Headphones Quo,2024,3,1,1,29130.35,34271.0,15.0,5464.92,0.0,0.0,0.0,0.0,0.0,1
1520,Headphones Sed,2023,11,4,1,60700.8,75876.0,20.0,7216.55,0.0,0.0,0.0,0.0,0.0,3
1525,Headphones Tempora,2024,4,2,3,150129.0,50043.0,0.0,16029.1,0.0,0.0,0.0,0.0,0.0,2
1533,Headphones Voluptates,2024,10,4,4,267210.0,74225.0,10.0,19685.0,0.0,0.0,0.0,0.0,0.0,1
1535,Juicer Aperiam,2025,3,1,5,17442.0,3672.0,5.0,3055.07,0.0,0.0,0.0,0.0,0.0,1
1537,Juicer Blanditiis,2024,8,3,1,32588.1,36209.0,10.0,7824.14,0.0,0.0,0.0,0.0,0.0,5
1537,Juicer Blanditiis,2025,2,1,5,210280.5,46729.0,10.0,42654.73,1.0,0.0,0.0,32588.1,7824.14,1
1542,Juicer Cum,2023,12,4,4,110235.6,30621.0,10.0,18062.04,0.0,0.0,0.0,0.0,0.0,1
1544,Juicer Debitis,2025,5,2,2,17443.7,10261.0,15.0,2353.12,0.0,0.0,0.0,0.0,0.0,2
1545,Juicer Delectus,2023,11,4,4,81193.6,25373.0,20.0,19540.16,0.0,0.0,0.0,0.0,0.0,5
1548,Juicer Dignissimos,2024,1,1,5,157704.75,37107.0,15.0,23794.68,0.0,0.0,0.0,0.0,0.0,3
1548,Juicer Dignissimos,2024,3,1,3,113566.8,39848.0,5.0,14374.34,5.0,0.0,0.0,157704.75,23794.68,2
1549,Juicer Distinctio,2024,5,2,1,58985.5,62090.0,5.0,7879.2,0.0,0.0,0.0,0.0,0.0,3
1550,Juicer Dolor,2024,10,4,5,215235.0,43047.0,0.0,52434.28,0.0,0.0,0.0,0.0,0.0,4
1555,Juicer Enim,2024,4,2,3,164702.7,61001.0,10.0,17011.25,0.0,0.0,0.0,0.0,0.0,3
1555,Juicer Enim,2025,5,2,3,96417.0,35710.0,10.0,5780.97,3.0,0.0,0.0,164702.7,17011.25,1
1560,Juicer Excepturi,2024,4,2,3,118586.7,43921.0,10.0,28062.77,0.0,0.0,0.0,0.0,0.0,1
1564,Juicer Fugit,2023,11,4,5,211820.0,49840.0,15.0,13989.73,0.0,0.0,0.0,0.0,0.0,5
1564,Juicer Fugit,2024,5,2,5,91324.0,22831.0,20.0,9776.22,5.0,0.0,0.0,211820.0,13989.73,2
1573,Juicer Iure,2023,12,4,5,16248.0,4062.0,20.0,3057.16,0.0,0.0,0.0,0.0,0.0,2
1582,Juicer Molestiae,2024,5,2,4,2668.0,667.0,0.0,611.55,0.0,0.0,0.0,0.0,0.0,5
1588,Juicer Nostrum,2024,5,2,1,19561.5,21735.0,10.0,4391.08,0.0,0.0,0.0,0.0,0.0,4
1588,Juicer Nostrum,2024,10,4,4,60329.6,18853.0,20.0,14569.79,1.0,0.0,0.0,19561.5,4391.08,2
1589,Juicer Odio,2023,11,4,5,251649.0,55620.0,12.5,28764.14,0.0,0.0,0.0,0.0,0.0,1
1590,Juicer Officia,2023,10,4,4,145915.2,40532.0,10.0,16116.01,0.0,0.0,0.0,0.0,0.0,4
1590,Juicer Officia,2023,12,4,4,193816.8,53838.0,10.0,19626.97,4.0,0.0,0.0,145915.2,16116.01,1
1592,Juicer Possimus,2024,6,2,5,190404.25,44801.0,15.0,16507.93,0.0,0.0,0.0,0.0,0.0,2
1592,Juicer Possimus,2024,9,3,2,113510.0,56755.0,0.0,11257.98,5.0,0.0,0.0,190404.25,16507.93,2
1594,Juicer Quas,2023,11,4,5,293572.0,73393.0,20.0,37544.54,0.0,0.0,0.0,0.0,0.0,3
1597,Juicer Quidem,2024,4,2,4,208713.6,57976.0,10.0,32534.33,0.0,0.0,0.0,0.0,0.0,5
1605,Juicer Repellat,2024,7,3,4,65836.0,16459.0,0.0,6303.95,0.0,0.0,0.0,0.0,0.0,3
1608,Juicer Tempora,2025,6,2,3,53687.7,21054.0,15.0,8755.04,0.0,0.0,0.0,0.0,0.0,3
1612,Juicer Vero,2024,6,2,2,69994.0,34997.0,0.0,11129.92,0.0,0.0,0.0,0.0,0.0,5
1620,Kids Wear Accusamus,2024,7,3,5,283394.5,59662.0,5.0,63463.71,0.0,0.0,0.0,0.0,0.0,5
1620,Kids Wear Accusamus,2025,4,2,5,18453.5,4342.0,15.0,1982.56,5.0,0.0,0.0,283394.5,63463.71,5
1626,Kids Wear Commodi,2023,11,4,3,20009.85,7847.0,15.0,1604.55,0.0,0.0,0.0,0.0,0.0,3
1627,Kids Wear Culpa,2025,5,2,4,280728.8,73876.0,5.0,64667.96,0.0,0.0,0.0,0.0,0.0,3
1629,Kids Wear Deleniti,2024,9,3,4,8998.4,2812.0,20.0,1891.32,0.0,0.0,0.0,0.0,0.0,5
1636,Kids Wear Enim,2025,1,1,5,61461.0,13658.0,10.0,13012.43,0.0,0.0,0.0,0.0,0.0,1
1637,Kids Wear Eos,2023,11,4,2,102839.8,60494.0,15.0,18089.76,0.0,0.0,0.0,0.0,0.0,1
1638,Kids Wear Error,2024,1,1,1,2448.15,2577.0,5.0,219.73,0.0,0.0,0.0,0.0,0.0,5
1642,Kids Wear Exercitationem,2024,8,3,5,18328.0,4582.0,20.0,2717.3,0.0,0.0,0.0,0.0,0.0,3
1649,Kids Wear Ipsa,2024,10,4,2,142126.2,78959.0,10.0,11846.26,0.0,0.0,0.0,0.0,0.0,4
1659,Kids Wear Molestiae,2025,4,2,5,42902.0,9032.0,5.0,9026.75,0.0,0.0,0.0,0.0,0.0,2
1663,Kids Wear Nemo,2023,12,4,4,177012.0,49170.0,10.0,25876.51,0.0,0.0,0.0,0.0,0.0,4
1666,Kids Wear Nostrum,2024,3,1,3,160882.05,63091.0,15.0,16815.9,0.0,0.0,0.0,0.0,0.0,5
1677,Kids Wear Repellat,2024,2,1,1,69085.8,76762.0,10.0,5785.85,0.0,0.0,0.0,0.0,0.0,1
1678,Kids Wear Reprehenderit,2024,2,1,3,68310.3,39836.0,12.5,10728.86,0.0,0.0,0.0,0.0,0.0,5
1680,Kids Wear Sapiente,2024,12,4,4,132692.2,34919.0,5.0,8957.49,0.0,0.0,0.0,0.0,0.0,1
1681,Kids Wear Sed,2025,1,1,3,52744.5,19535.0,10.0,5396.94,0.0,0.0,0.0,0.0,0.0,3
1682,Kids Wear Sint,2024,4,2,3,83685.6,34869.0,20.0,12244.9,0.0,0.0,0.0,0.0,0.0,3
1687,Kids Wear Tempore,2023,12,4,2,83552.0,52220.0,20.0,5410.9,0.0,0.0,0.0,0.0,0.0,3
1690,Kids Wear Velit,2024,1,1,5,220609.0,51908.0,15.0,29884.88,0.0,0.0,0.0,0.0,0.0,3
1693,Kids Wear Voluptatem,2024,3,1,1,43378.0,43378.0,0.0,3355.11,0.0,0.0,0.0,0.0,0.0,1
1697,Lamp Ad,2024,5,2,3,27569.7,10211.0,10.0,6420.7,0.0,0.0,0.0,0.0,0.0,2
1699,Lamp Aliquid,2024,7,3,3,44234.85,15521.0,5.0,10642.43,0.0,0.0,0.0,0.0,0.0,2
1700,Lamp Animi,2024,2,1,4,81241.6,25388.0,20.0,13948.0,0.0,0.0,0.0,0.0,0.0,3
1700,Lamp Animi,2024,6,2,3,194335.2,71976.0,10.0,40185.1,4.0,0.0,0.0,81241.6,13948.0,2
1701,Lamp Aperiam,2024,12,4,5,226320.0,56580.0,20.0,14547.84,0.0,0.0,0.0,0.0,0.0,5
1702,Lamp At,2024,1,1,1,52459.0,52459.0,0.0,7058.33,0.0,0.0,0.0,0.0,0.0,2
1702,Lamp At,2025,6,2,2,127712.0,79820.0,20.0,20794.83,1.0,0.0,0.0,52459.0,7058.33,1
1705,Lamp Consequatur,2024,2,1,2,101161.7,53243.0,5.0,8121.41,0.0,0.0,0.0,0.0,0.0,4
1707,Lamp Culpa,2024,3,1,4,122763.8,36107.0,15.0,27355.49,0.0,0.0,0.0,0.0,0.0,1
1711,Lamp Dolorem,2024,2,1,4,223628.4,62119.0,10.0,55725.11,0.0,0.0,0.0,0.0,0.0,1
1712,Lamp Doloremque,2024,1,1,4,92432.0,28885.0,20.0,6688.35,0.0,0.0,0.0,0.0,0.0,3
1713,Lamp Dolorum,2023,12,4,2,91439.6,53788.0,15.0,21533.1,0.0,0.0,0.0,0.0,0.0,4
1716,Lamp Enim,2024,5,2,4,228927.2,60244.0,5.0,39408.44,0.0,0.0,0.0,0.0,0.0,5
1716,Lamp Enim,2024,7,3,5,302315.0,60463.0,0.0,32487.86,4.0,0.0,0.0,228927.2,39408.44,4
1716,Lamp Enim,2024,8,3,4,71024.0,22195.0,20.0,7182.77,5.0,4.5,0.0,302315.0,32487.86,3
1721,Lamp Exercitationem,2023,12,4,2,16344.0,8172.0,0.0,3724.06,0.0,0.0,0.0,0.0,0.0,3
1721,Lamp Exercitationem,2024,6,2,3,66261.0,22087.0,0.0,14117.39,2.0,0.0,0.0,16344.0,3724.06,4
1723,Lamp Fugit,2025,7,3,5,187992.0,46998.0,20.0,39194.44,0.0,0.0,0.0,0.0,0.0,4
1726,Lamp Illo,2025,8,3,4,45667.2,14271.0,20.0,7422.94,0.0,0.0,0.0,0.0,0.0,4
1731,Lamp Libero,2024,2,1,3,40881.6,17034.0,20.0,4186.91,0.0,0.0,0.0,0.0,0.0,5
1736,Lamp Neque,2024,11,4,1,64516.5,71685.0,10.0,15872.36,0.0,0.0,0.0,0.0,0.0,3
1738,Lamp Non,2024,1,1,3,147611.85,57887.0,15.0,19762.84,0.0,0.0,0.0,0.0,0.0,3
1739,Lamp Nostrum,2024,5,2,4,177471.4,46703.0,5.0,28394.16,0.0,0.0,0.0,0.0,0.0,8
1739,Lamp Nostrum,2024,10,4,8,357221.6,50028.0,10.0,64386.17,4.0,0.0,0.0,177471.4,28394.16,3
1742,Lamp Omnis,2024,7,3,5,150564.75,35427.0,15.0,34871.16,0.0,0.0,0.0,0.0,0.0,4
1744,Lamp Perspiciatis,2024,4,2,5,336306.75,79131.0,15.0,41387.57,0.0,0.0,0.0,0.0,0.0,5
1751,Lamp Quasi,2024,7,3,5,124431.5,29278.0,15.0,16098.85,0.0,0.0,0.0,0.0,0.0,5
1767,Lamp Tempore,2024,1,1,2,73091.5,42995.0,15.0,6699.72,0.0,0.0,0.0,0.0,0.0,1
1767,Lamp Tempore,2024,9,3,1,17898.4,22373.0,20.0,1548.95,2.0,0.0,0.0,73091.5,6699.72,1
1773,Lamp Veritatis,2024,5,2,5,277794.0,61732.0,10.0,35313.13,0.0,0.0,0.0,0.0,0.0,5
1773,Lamp Veritatis,2024,9,3,5,315335.0,63067.0,0.0,16130.55,5.0,0.0,0.0,277794.0,35313.13,2
1775,Lamp Vitae,2024,4,2,5,44607.25,9391.0,5.0,10310.86,0.0,0.0,0.0,0.0,0.0,3
1777,Lamp Voluptatibus,2024,4,2,5,312912.0,69536.0,10.0,52683.49,0.0,0.0,0.0,0.0,0.0,3
1779,Laptop Ab,2024,4,2,1,33216.0,41520.0,20.0,2899.83,0.0,0.0,0.0,0.0,0.0,5
1781,Laptop Adipisci,2024,9,3,5,105066.0,23348.0,10.0,9433.13,0.0,0.0,0.0,0.0,0.0,1
1782,Laptop Aliquam,2025,1,1,1,60813.0,60813.0,0.0,12988.64,0.0,0.0,0.0,0.0,0.0,5
1788,Laptop Consectetur,2024,1,1,3,16547.1,5806.0,5.0,1376.82,0.0,0.0,0.0,0.0,0.0,1
1788,Laptop Consectetur,2024,5,2,1,34074.0,34074.0,0.0,3206.88,3.0,0.0,0.0,16547.1,1376.82,1
1794,Laptop Doloremque,2025,2,1,1,36632.0,45790.0,20.0,6295.03,0.0,0.0,0.0,0.0,0.0,3
1800,Laptop Et,2024,8,3,4,189935.4,49983.0,5.0,16343.07,0.0,0.0,0.0,0.0,0.0,3
1804,Laptop Fuga,2024,1,1,2,50323.4,29602.0,15.0,4266.94,0.0,0.0,0.0,0.0,0.0,2
1804,Laptop Fuga,2025,3,1,2,69868.7,36773.0,5.0,12029.07,2.0,0.0,0.0,50323.4,4266.94,4
1806,Laptop Ipsam,2024,9,3,2,126600.0,63300.0,0.0,16591.78,0.0,0.0,0.0,0.0,0.0,4
1811,Laptop Magnam,2024,9,3,2,55303.2,30724.0,10.0,13410.63,0.0,0.0,0.0,0.0,0.0,1
1813,Laptop Maxime,2024,12,4,1,42597.0,47330.0,10.0,9898.51,0.0,0.0,0.0,0.0,0.0,4
1819,Laptop Numquam,2023,10,4,5,232402.5,51645.0,10.0,35657.72,0.0,0.0,0.0,0.0,0.0,5
1821,Laptop Perspiciatis,2024,3,1,3,93979.2,39158.0,20.0,17449.47,0.0,0.0,0.0,0.0,0.0,1
1824,Laptop Quaerat,2024,7,3,3,27879.15,10933.0,15.0,4386.09,0.0,0.0,0.0,0.0,0.0,4
1835,Laptop Similique,2023,11,4,2,115861.8,68154.0,15.0,28242.38,0.0,0.0,0.0,0.0,0.0,4
1835,Laptop Similique,2025,4,2,4,249346.8,69263.0,10.0,39813.41,2.0,0.0,0.0,115861.8,28242.38,5
1836,Laptop Sit,2025,5,2,1,7779.2,9724.0,20.0,1282.53,0.0,0.0,0.0,0.0,0.0,1
1845,Laptop Voluptas,2024,5,2,3,26325.0,8775.0,0.0,5599.31,0.0,0.0,0.0,0.0,0.0,1
1846,Laptop Voluptatem,2024,5,2,5,65977.5,13890.0,5.0,5467.67,0.0,0.0,0.0,0.0,0.0,4
1849,Lipstick Ab,2023,11,4,4,89174.4,27867.0,20.0,7677.01,0.0,0.0,0.0,0.0,0.0,4
1850,Lipstick Accusamus,2024,12,4,5,317555.0,63511.0,0.0,75212.33,0.0,0.0,0.0,0.0,0.0,4
1851,Lipstick Accusantium,2024,4,2,3,792.0,264.0,0.0,151.42,0.0,0.0,0.0,0.0,0.0,4
1856,Lipstick At,2024,9,3,5,105305.0,21061.0,0.0,26266.08,0.0,0.0,0.0,0.0,0.0,5
1857,Lipstick Atque,2024,3,1,1,50750.1,59706.0,15.0,5886.11,0.0,0.0,0.0,0.0,0.0,3
1857,Lipstick Atque,2024,4,2,3,111048.0,46270.0,20.0,10218.39,1.0,0.0,0.0,50750.1,5886.11,2
1859,Lipstick Autem,2024,12,4,3,9786.9,3838.0,15.0,2213.15,0.0,0.0,0.0,0.0,0.0,2
1860,Lipstick Beatae,2024,4,2,1,76065.0,76065.0,0.0,9816.0,0.0,0.0,0.0,0.0,0.0,2
1863,Lipstick Debitis,2024,3,1,4,184990.6,54409.0,15.0,17654.64,0.0,0.0,0.0,0.0,0.0,1
1864,Lipstick Deleniti,2024,5,2,5,35655.0,7131.0,0.0,1891.89,0.0,0.0,0.0,0.0,0.0,1
1865,Lipstick Deserunt,2024,1,1,1,60253.95,70887.0,15.0,8228.46,0.0,0.0,0.0,0.0,0.0,1
1869,Lipstick Ea,2024,10,4,1,56828.8,71036.0,20.0,5863.92,0.0,0.0,0.0,0.0,0.0,4
1870,Lipstick Eaque,2024,9,3,2,132170.0,66085.0,0.0,18277.29,0.0,0.0,0.0,0.0,0.0,1
1874,Lipstick Esse,2025,2,1,2,30844.6,16234.0,5.0,6972.64,0.0,0.0,0.0,0.0,0.0,3
1877,Lipstick Ex,2024,7,3,2,27502.5,14475.0,5.0,2987.04,0.0,0.0,0.0,0.0,0.0,1
1878,Lipstick Facere,2024,9,3,1,5969.7,6633.0,10.0,780.42,0.0,0.0,0.0,0.0,0.0,4
1883,Lipstick Iure,2024,3,1,2,79619.5,41905.0,5.0,8370.16,0.0,0.0,0.0,0.0,0.0,4
1887,Lipstick Modi,2023,12,4,3,142508.55,50003.0,5.0,16379.77,0.0,0.0,0.0,0.0,0.0,3
1892,Lipstick Occaecati,2023,10,4,1,18730.4,23413.0,20.0,2265.41,0.0,0.0,0.0,0.0,0.0,4
1897,Lipstick Quis,2024,2,1,1,3806.1,4229.0,10.0,494.38,0.0,0.0,0.0,0.0,0.0,4
1898,Lipstick Quod,2024,3,1,1,29164.05,30699.0,5.0,5598.19,0.0,0.0,0.0,0.0,0.0,1
1902,Lipstick Repellat,2024,4,2,4,11433.6,3573.0,20.0,2047.15,0.0,0.0,0.0,0.0,0.0,2
1907,Lipstick Tempora,2023,10,4,5,174633.75,36765.0,5.0,39512.52,0.0,0.0,0.0,0.0,0.0,1
1921,Men's Wear Aliquid,2024,5,2,5,289565.0,57913.0,0.0,61458.27,0.0,0.0,0.0,0.0,0.0,1
1921,Men's Wear Aliquid,2025,5,2,1,9384.3,10427.0,10.0,925.1,5.0,0.0,0.0,289565.0,61458.27,3
1927,Men's Wear Consequatur,2024,11,4,2,79549.8,46794.0,15.0,19602.32,0.0,0.0,0.0,0.0,0.0,2
1937,Men's Wear Ea,2025,1,1,2,86414.4,48008.0,10.0,15869.6,0.0,0.0,0.0,0.0,0.0,3
1940,Men's Wear Eligendi,2024,5,2,2,98570.1,51879.0,5.0,11672.12,0.0,0.0,0.0,0.0,0.0,4
1960,Men's Wear Maxime,2024,12,4,4,299164.0,74791.0,0.0,34058.98,0.0,0.0,0.0,0.0,0.0,2
1962,Men's Wear Molestias,2024,3,1,1,3839.2,4799.0,20.0,835.12,0.0,0.0,0.0,0.0,0.0,1
1965,Men's Wear Nobis,2023,10,4,1,18574.2,20638.0,10.0,3472.99,0.0,0.0,0.0,0.0,0.0,1
1965,Men's Wear Nobis,2024,5,2,1,46795.1,49258.0,5.0,11139.37,1.0,0.0,0.0,18574.2,3472.99,1
1967,Men's Wear Occaecati,2024,4,2,1,1665.0,1850.0,10.0,289.53,0.0,0.0,0.0,0.0,0.0,5
1968,Men's Wear Odit,2024,4,2,1,54397.0,57260.0,5.0,8823.05,0.0,0.0,0.0,0.0,0.0,4
1971,Men's Wear Praesentium,2023,11,4,5,263434.5,58541.0,10.0,53823.6,0.0,0.0,0.0,0.0,0.0,4
1973,Men's Wear Quaerat,2024,11,4,5,110644.0,27661.0,20.0,7472.78,0.0,0.0,0.0,0.0,0.0,2
1975,Men's Wear Quia,2024,7,3,1,62884.7,73982.0,15.0,6713.01,0.0,0.0,0.0,0.0,0.0,1
1977,Men's Wear Quidem,2024,4,2,2,87667.3,51569.0,15.0,21791.96,0.0,0.0,0.0,0.0,0.0,3
1979,Men's Wear Quisquam,2023,11,4,1,54651.6,64296.0,15.0,9385.51,0.0,0.0,0.0,0.0,0.0,3
1982,Men's Wear Recusandae,2024,5,2,3,41023.8,15194.0,10.0,3097.88,0.0,0.0,0.0,0.0,0.0,3
1983,Men's Wear Repellat,2025,1,1,5,320431.5,71207.0,10.0,33894.31,0.0,0.0,0.0,0.0,0.0,5
1984,Men's Wear Repudiandae,2024,9,3,5,292837.5,61650.0,5.0,19061.01,0.0,0.0,0.0,0.0,0.0,5
1986,Men's Wear Sapiente,2024,2,1,3,85286.4,35536.0,20.0,20838.06,0.0,0.0,0.0,0.0,0.0,4
1987,Men's Wear Similique,2024,9,3,4,95488.0,23872.0,0.0,18486.04,0.0,0.0,0.0,0.0,0.0,4
1991,Men's Wear Ullam,2023,11,4,5,58635.0,13030.0,10.0,11660.93,0.0,0.0,0.0,0.0,0.0,3
1991,Men's Wear Ullam,2024,3,1,3,181929.6,75804.0,20.0,41542.19,5.0,0.0,0.0,58635.0,11660.93,3
1994,Men's Wear Voluptatibus,2023,12,4,5,334979.5,70522.0,5.0,44339.83,0.0,0.0,0.0,0.0,0.0,5
2007,Microwave Cumque,2023,11,4,4,56313.6,17598.0,20.0,11498.54,0.0,0.0,0.0,0.0,0.0,1
2014,Microwave Ea,2024,2,1,3,62388.9,23107.0,10.0,14441.15,0.0,0.0,0.0,0.0,0.0,5
2015,Microwave Eius,2025,2,1,5,309854.75,72907.0,15.0,59977.25,0.0,0.0,0.0,0.0,0.0,2
2018,Microwave Eveniet,2024,8,3,1,57713.6,72142.0,20.0,5965.29,0.0,0.0,0.0,0.0,0.0,2
2022,Microwave Fugiat,2023,12,4,4,70323.2,21976.0,20.0,7712.54,0.0,0.0,0.0,0.0,0.0,5
2024,Microwave Illum,2024,9,3,6,134142.4,25770.5,20.0,23085.409999999996,0.0,0.0,0.0,0.0,0.0,1
2029,Microwave Itaque,2024,9,3,3,100082.4,39248.0,15.0,6031.48,0.0,0.0,0.0,0.0,0.0,3
2034,Microwave Molestiae,2025,5,2,5,136738.25,28787.0,5.0,26610.04,0.0,0.0,0.0,0.0,0.0,5
2039,Microwave Neque,2024,6,2,2,88210.8,49006.0,10.0,18676.64,0.0,0.0,0.0,0.0,0.0,1
2040,Microwave Nihil,2024,3,1,5,57242.25,12051.0,5.0,14299.13,0.0,0.0,0.0,0.0,0.0,2
2044,Microwave Officiis,2025,7,3,3,26532.0,8844.0,0.0,3837.38,0.0,0.0,0.0,0.0,0.0,4
2045,Microwave Optio,2025,3,1,2,62728.5,33015.0,5.0,13505.03,0.0,0.0,0.0,0.0,0.0,2
2045,Microwave Optio,2025,4,2,2,154824.0,77412.0,0.0,13864.89,2.0,0.0,0.0,62728.5,13505.03,5
2046,Microwave Perferendis,2024,6,2,5,156618.0,34804.0,10.0,36975.33,0.0,0.0,0.0,0.0,0.0,3
2049,Microwave Provident,2023,11,4,3,44811.9,16597.0,10.0,5527.72,0.0,0.0,0.0,0.0,0.0,5
2049,Microwave Provident,2024,1,1,5,302863.5,67303.0,10.0,39925.81,3.0,0.0,0.0,44811.9,5527.72,4
2049,Microwave Provident,2024,8,3,4,55134.0,15315.0,10.0,8566.21,5.0,4.0,0.0,302863.5,39925.81,5
2058,Microwave Quos,2024,1,1,1,50135.3,52774.0,5.0,3969.6,0.0,0.0,0.0,0.0,0.0,3
2060,Microwave Reiciendis,2024,9,3,5,197908.0,49477.0,20.0,38220.91,0.0,0.0,0.0,0.0,0.0,5
2070,Microwave Voluptates,2024,10,4,4,222774.8,65522.0,15.0,23397.89,0.0,0.0,0.0,0.0,0.0,5
2076,Mixer Grinder Animi,2025,7,3,5,169227.0,37606.0,10.0,29678.19,0.0,0.0,0.0,0.0,0.0,3
2079,Mixer Grinder Asperiores,2023,11,4,2,115110.4,71944.0,20.0,27950.52,0.0,0.0,0.0,0.0,0.0,2
2086,Mixer Grinder Cumque,2025,1,1,3,180701.4,63404.0,5.0,39087.54,0.0,0.0,0.0,0.0,0.0,2
2091,Mixer Grinder Doloribus,2024,7,3,1,7658.9,8062.0,5.0,1392.85,0.0,0.0,0.0,0.0,0.0,5
2099,Mixer Grinder Explicabo,2024,2,1,3,133247.7,49351.0,10.0,29533.21,0.0,0.0,0.0,0.0,0.0,5
2101,Mixer Grinder Illo,2025,5,2,5,10106.5,2378.0,15.0,2266.82,0.0,0.0,0.0,0.0,0.0,5
2102,Mixer Grinder Illum,2023,10,4,4,193513.6,60473.0,20.0,19016.84,0.0,0.0,0.0,0.0,0.0,1
2108,Mixer Grinder Iusto,2024,11,4,4,104063.8,30607.0,15.0,9169.02,0.0,0.0,0.0,0.0,0.0,4
2113,Mixer Grinder Minus,2024,3,1,1,12396.8,15496.0,20.0,915.96,0.0,0.0,0.0,0.0,0.0,5
2116,Mixer Grinder Neque,2025,4,2,2,102193.8,60114.0,15.0,16800.89,0.0,0.0,0.0,0.0,0.0,2
2118,Mixer Grinder Nobis,2025,1,1,4,92454.0,24330.0,5.0,11781.54,0.0,0.0,0.0,0.0,0.0,4
2122,Mixer Grinder Occaecati,2025,3,1,3,186250.35,65351.0,5.0,44988.38,0.0,0.0,0.0,0.0,0.0,4
2122,Mixer Grinder Occaecati,2025,5,2,4,75696.0,19920.0,5.0,17454.75,3.0,0.0,0.0,186250.35,44988.38,3
2124,Mixer Grinder Officiis,2024,4,2,2,4438.7,2611.0,15.0,849.33,0.0,0.0,0.0,0.0,0.0,5
2137,Mixer Grinder Sequi,2024,3,1,4,166242.4,43748.0,5.0,31519.09,0.0,0.0,0.0,0.0,0.0,2
2155,Mobile Asperiores,2025,2,1,4,271340.0,67835.0,0.0,43514.49,0.0,0.0,0.0,0.0,0.0,2
2156,Mobile Aspernatur,2024,11,4,3,36207.0,12069.0,0.0,7151.36,0.0,0.0,0.0,0.0,0.0,4
2157,Mobile At,2025,2,1,2,117993.8,62102.0,5.0,19323.02,0.0,0.0,0.0,0.0,0.0,4
2158,Mobile Aut,2023,10,4,4,37171.2,11616.0,20.0,7036.45,0.0,0.0,0.0,0.0,0.0,3
2171,Mobile Dolorem,2024,9,3,1,24001.6,30002.0,20.0,3933.68,0.0,0.0,0.0,0.0,0.0,2
2172,Mobile Dolores,2025,1,1,1,64688.4,71876.0,10.0,9795.77,0.0,0.0,0.0,0.0,0.0,3
2172,Mobile Dolores,2025,8,3,3,147601.65,57883.0,15.0,12103.79,1.0,0.0,0.0,64688.4,9795.77,1
2174,Mobile Ea,2023,12,4,3,77892.0,25964.0,0.0,7594.54,0.0,0.0,0.0,0.0,0.0,1
2179,Mobile Facilis,2023,11,4,4,29415.6,8171.0,10.0,5836.71,0.0,0.0,0.0,0.0,0.0,4
2187,Mobile Itaque,2025,4,2,3,32766.0,10922.0,0.0,5368.42,0.0,0.0,0.0,0.0,0.0,1
2187,Mobile Itaque,2025,6,2,1,5985.6,7482.0,20.0,426.49,3.0,0.0,0.0,32766.0,5368.42,3
2188,Mobile Laboriosam,2024,1,1,1,39523.3,46498.0,15.0,4002.98,0.0,0.0,0.0,0.0,0.0,1
2194,Mobile Mollitia,2025,2,1,2,57519.5,33835.0,15.0,7514.18,0.0,0.0,0.0,0.0,0.0,1
2195,Mobile Nesciunt,2024,7,3,2,79316.8,49573.0,20.0,18206.41,0.0,0.0,0.0,0.0,0.0,1
2195,Mobile Nesciunt,2025,2,1,1,43728.0,54660.0,20.0,7215.95,2.0,0.0,0.0,79316.8,18206.41,5
2199,Mobile Numquam,2024,2,1,2,25702.0,12851.0,0.0,4306.22,0.0,0.0,0.0,0.0,0.0,4
2202,Mobile Officiis,2024,9,3,1,41693.6,52117.0,20.0,9104.77,0.0,0.0,0.0,0.0,0.0,2
2208,Mobile Quo,2023,11,4,4,98144.4,28866.0,15.0,12724.88,0.0,0.0,0.0,0.0,0.0,5
2210,Mobile Rem,2025,5,2,1,46161.0,51290.0,10.0,4933.65,0.0,0.0,0.0,0.0,0.0,1
2210,Mobile Rem,2025,7,3,1,42785.1,47539.0,10.0,7439.24,1.0,0.0,0.0,46161.0,4933.65,2
2214,Mobile Sequi,2024,2,1,4,99975.6,27771.0,10.0,20888.92,0.0,0.0,0.0,0.0,0.0,3
2217,Mobile Velit,2024,9,3,2,133446.6,74137.0,10.0,27310.85,0.0,0.0,0.0,0.0,0.0,1
2221,Non-Fiction A,2024,1,1,1,11259.1,13246.0,15.0,949.98,0.0,0.0,0.0,0.0,0.0,1
2250,Non-Fiction Hic,2024,5,2,3,195531.0,65177.0,0.0,40405.96,0.0,0.0,0.0,0.0,0.0,3
2253,Non-Fiction In,2024,4,2,5,305031.0,71772.0,15.0,42045.35,0.0,0.0,0.0,0.0,0.0,3
2258,Non-Fiction Ipsum,2024,1,1,5,288955.0,57791.0,0.0,40433.92,0.0,0.0,0.0,0.0,0.0,2
2260,Non-Fiction Iure,2023,10,4,3,180288.0,75120.0,20.0,40876.74,0.0,0.0,0.0,0.0,0.0,3
2261,Non-Fiction Labore,2024,6,2,4,210767.0,55465.0,5.0,40763.03,0.0,0.0,0.0,0.0,0.0,4
2266,Non-Fiction Molestiae,2024,4,2,4,271944.0,67986.0,0.0,23716.74,0.0,0.0,0.0,0.0,0.0,3
2266,Non-Fiction Molestiae,2024,10,4,3,121708.95,47729.0,15.0,27820.32,4.0,0.0,0.0,271944.0,23716.74,2
2266,Non-Fiction Molestiae,2024,12,4,2,52715.2,32947.0,20.0,2862.48,3.0,3.5,0.0,121708.95,27820.32,1
2271,Non-Fiction Occaecati,2024,5,2,4,79434.0,22065.0,10.0,9292.82,0.0,0.0,0.0,0.0,0.0,5
2272,Non-Fiction Officiis,2024,3,1,2,130801.7,68843.0,5.0,31514.33,0.0,0.0,0.0,0.0,0.0,1
2275,Non-Fiction Pariatur,2024,4,2,4,53618.4,14894.0,10.0,5273.99,0.0,0.0,0.0,0.0,0.0,1
2279,Non-Fiction Possimus,2024,2,1,3,106971.9,37534.0,5.0,18381.07,0.0,0.0,0.0,0.0,0.0,4
2281,Non-Fiction Quae,2024,12,4,4,262879.2,73022.0,10.0,36854.33,0.0,0.0,0.0,0.0,0.0,3
2284,Non-Fiction Quidem,2024,10,4,4,110367.4,32461.0,15.0,14609.77,0.0,0.0,0.0,0.0,0.0,3
2286,Non-Fiction Quo,2024,3,1,3,176352.0,73480.0,20.0,35659.14,0.0,0.0,0.0,0.0,0.0,1
2289,Non-Fiction Recusandae,2023,12,4,2,40734.4,25459.0,20.0,3772.6,0.0,0.0,0.0,0.0,0.0,1
2290,Non-Fiction Reiciendis,2024,9,3,4,234604.8,73314.0,20.0,29815.19,0.0,0.0,0.0,0.0,0.0,3
2293,Non-Fiction Repellendus,2024,7,3,2,121876.2,67709.0,10.0,25358.5,0.0,0.0,0.0,0.0,0.0,1
2297,Non-Fiction Soluta,2024,8,3,4,97488.0,30465.0,20.0,15095.78,0.0,0.0,0.0,0.0,0.0,3
2297,Non-Fiction Soluta,2025,3,1,3,167870.7,58902.0,5.0,13692.45,4.0,0.0,0.0,97488.0,15095.78,3
2298,Non-Fiction Suscipit,2025,4,2,3,135675.0,50250.0,10.0,16227.09,0.0,0.0,0.0,0.0,0.0,2
2324,Oil Deserunt,2024,12,4,1,48531.6,57096.0,15.0,9841.96,0.0,0.0,0.0,0.0,0.0,4
2337,Oil Facere,2023,11,4,1,62959.5,69955.0,10.0,10292.93,0.0,0.0,0.0,0.0,0.0,1
2346,Oil Iusto,2024,9,3,4,186283.6,49022.0,5.0,39618.09,0.0,0.0,0.0,0.0,0.0,5
2346,Oil Iusto,2024,10,4,5,265780.0,53156.0,0.0,45958.29,4.0,0.0,0.0,186283.6,39618.09,5
2347,Oil Laboriosam,2024,8,3,1,26778.0,26778.0,0.0,4695.38,0.0,0.0,0.0,0.0,0.0,3
2350,Oil Magni,2023,10,4,4,256435.4,67483.0,5.0,48469.58,0.0,0.0,0.0,0.0,0.0,4
2350,Oil Magni,2024,7,3,4,112747.4,33161.0,15.0,21224.25,4.0,0.0,0.0,256435.4,48469.58,3
2353,Oil Mollitia,2024,2,1,5,23496.0,5874.0,20.0,1329.73,0.0,0.0,0.0,0.0,0.0,2
2353,Oil Mollitia,2024,4,2,2,34473.6,21546.0,20.0,1899.24,5.0,0.0,0.0,23496.0,1329.73,2
2358,Oil Non,2024,5,2,5,88978.0,20936.0,15.0,7337.99,0.0,0.0,0.0,0.0,0.0,4
2361,Oil Officiis,2024,2,1,3,72998.4,30416.0,20.0,4884.91,0.0,0.0,0.0,0.0,0.0,1
2363,Oil Optio,2024,2,1,3,41301.9,15297.0,10.0,5876.6,0.0,0.0,0.0,0.0,0.0,5
2364,Oil Pariatur,2024,10,4,4,106633.6,33323.0,20.0,10159.25,0.0,0.0,0.0,0.0,0.0,4
2366,Oil Perspiciatis,2024,6,2,3,191086.8,74936.0,15.0,10795.44,0.0,0.0,0.0,0.0,0.0,4
2374,Oil Recusandae,2024,5,2,5,1763.75,415.0,15.0,266.47,0.0,0.0,0.0,0.0,0.0,1
2380,Oil Sunt,2024,1,1,3,122091.15,42839.0,5.0,30284.02,0.0,0.0,0.0,0.0,0.0,2
2400,Perfume Deserunt,2023,11,4,4,236025.6,62112.0,5.0,17098.93,0.0,0.0,0.0,0.0,0.0,1
2402,Perfume Dolor,2024,6,2,5,79880.0,19970.0,20.0,6881.59,0.0,0.0,0.0,0.0,0.0,5
2414,Perfume Fugiat,2023,10,4,2,61801.6,38626.0,20.0,12862.56,0.0,0.0,0.0,0.0,0.0,5
2418,Perfume Itaque,2024,5,2,3,73078.2,27066.0,10.0,16216.55,0.0,0.0,0.0,0.0,0.0,4
2420,Perfume Labore,2024,7,3,4,39865.8,10491.0,5.0,4993.71,0.0,0.0,0.0,0.0,0.0,3
2424,Perfume Minus,2024,8,3,4,62944.0,19670.0,20.0,10997.43,0.0,0.0,0.0,0.0,0.0,3
2427,Perfume Natus,2024,5,2,3,61295.4,22702.0,10.0,5406.59,0.0,0.0,0.0,0.0,0.0,4
2428,Perfume Neque,2024,4,2,5,184662.5,43450.0,15.0,43666.41,0.0,0.0,0.0,0.0,0.0,4
2436,Perfume Optio,2023,10,4,1,37840.8,47301.0,20.0,2687.34,0.0,0.0,0.0,0.0,0.0,1
2440,Perfume Qui,2025,1,1,4,276267.6,72702.0,5.0,35015.76,0.0,0.0,0.0,0.0,0.0,3
2441,Perfume Quibusdam,2025,2,1,1,54944.0,64640.0,15.0,10985.4,0.0,0.0,0.0,0.0,0.0,5
2450,Perfume Similique,2025,1,1,2,132601.0,69790.0,5.0,14413.85,0.0,0.0,0.0,0.0,0.0,5
2451,Perfume Sint,2024,10,4,2,56274.0,28137.0,0.0,4871.14,0.0,0.0,0.0,0.0,0.0,5
2456,Perfume Unde,2024,2,1,4,239888.0,59972.0,0.0,26550.66,0.0,0.0,0.0,0.0,0.0,5
2460,Puzzle Alias,2024,5,2,3,204261.0,68087.0,0.0,49847.91,0.0,0.0,0.0,0.0,0.0,3
2462,Puzzle Asperiores,2024,2,1,1,54449.3,64058.0,15.0,5391.39,0.0,0.0,0.0,0.0,0.0,2
2466,Puzzle Commodi,2025,1,1,3,187927.2,78303.0,20.0,20656.84,0.0,0.0,0.0,0.0,0.0,4
2469,Puzzle Corrupti,2024,4,2,5,15640.0,3680.0,15.0,3775.05,0.0,0.0,0.0,0.0,0.0,4
2469,Puzzle Corrupti,2025,3,1,4,262636.0,65659.0,0.0,33936.98,5.0,0.0,0.0,15640.0,3775.05,4
2474,Puzzle Dolore,2024,3,1,2,149873.9,78881.0,5.0,26015.04,0.0,0.0,0.0,0.0,0.0,1
2486,Puzzle Illo,2024,7,3,9,464625.05,60039.5,17.5,67710.18000000001,0.0,0.0,0.0,0.0,0.0,5
2487,Puzzle In,2024,12,4,3,64619.1,23933.0,10.0,13758.87,0.0,0.0,0.0,0.0,0.0,4
2497,Puzzle Nesciunt,2024,3,1,5,258344.75,60787.0,15.0,33333.56,0.0,0.0,0.0,0.0,0.0,4
2497,Puzzle Nesciunt,2024,6,2,4,117059.2,36581.0,20.0,8082.87,5.0,0.0,0.0,258344.75,33333.56,4
2501,Puzzle Perspiciatis,2024,6,2,4,312964.0,78241.0,0.0,26867.45,0.0,0.0,0.0,0.0,0.0,1
2502,Puzzle Placeat,2023,12,4,4,247761.4,72871.0,15.0,50948.61,0.0,0.0,0.0,0.0,0.0,3
2502,Puzzle Placeat,2024,8,3,3,45081.45,17679.0,15.0,2373.83,4.0,0.0,0.0,247761.4,50948.61,5
2503,Puzzle Quaerat,2024,7,3,4,52865.6,13912.0,5.0,3136.41,0.0,0.0,0.0,0.0,0.0,2
2508,Puzzle Quos,2024,4,2,4,71063.4,20901.0,15.0,4325.75,0.0,0.0,0.0,0.0,0.0,5
2508,Puzzle Quos,2024,12,4,5,85816.0,21454.0,20.0,10079.37,4.0,0.0,0.0,71063.4,4325.75,2
2512,Puzzle Sapiente,2024,1,1,2,61120.0,30560.0,0.0,14004.56,0.0,0.0,0.0,0.0,0.0,4
2516,Puzzle Tempora,2024,11,4,5,226809.0,50402.0,10.0,45459.16,0.0,0.0,0.0,0.0,0.0,5
2518,Puzzle Temporibus,2023,10,4,5,6170.25,1299.0,5.0,1520.47,0.0,0.0,0.0,0.0,0.0,5
2518,Puzzle Temporibus,2024,2,1,5,288913.5,64203.0,10.0,30405.59,5.0,0.0,0.0,6170.25,1520.47,2
2521,Puzzle Ut,2024,4,2,1,69193.25,72835.0,5.0,9252.79,0.0,0.0,0.0,0.0,0.0,4
2521,Puzzle Ut,2024,10,4,4,249808.2,73473.0,15.0,56964.33,1.0,0.0,0.0,69193.25,9252.79,5
2522,Puzzle Veniam,2023,12,4,1,25673.0,25673.0,0.0,5287.23,0.0,0.0,0.0,0.0,0.0,4
2522,Puzzle Veniam,2024,3,1,4,121658.8,35782.0,15.0,18258.37,1.0,0.0,0.0,25673.0,5287.23,1
2523,Puzzle Veritatis,2024,3,1,3,171637.95,67309.0,15.0,30098.82,0.0,0.0,0.0,0.0,0.0,1
2524,Puzzle Voluptatem,2025,2,1,1,23648.4,26276.0,10.0,4176.79,0.0,0.0,0.0,0.0,0.0,1
2530,RC Car Aliquid,2024,1,1,3,9456.0,3152.0,0.0,692.86,0.0,0.0,0.0,0.0,0.0,1
2530,RC Car Aliquid,2024,3,1,1,34674.05,36499.0,5.0,4909.35,3.0,0.0,0.0,9456.0,692.86,3
2538,RC Car Corrupti,2023,12,4,3,98862.0,32954.0,0.0,7368.39,0.0,0.0,0.0,0.0,0.0,1
2549,RC Car Eius,2024,7,3,5,239988.0,59997.0,20.0,46159.38,0.0,0.0,0.0,0.0,0.0,4
2555,RC Car Exercitationem,2024,11,4,4,45434.2,13363.0,15.0,9134.44,0.0,0.0,0.0,0.0,0.0,5
2559,RC Car Illo,2024,10,4,1,14051.2,17564.0,20.0,3117.82,0.0,0.0,0.0,0.0,0.0,3
2563,RC Car Ipsum,2024,3,1,2,76948.2,42749.0,10.0,11587.92,0.0,0.0,0.0,0.0,0.0,3
2563,RC Car Ipsum,2025,2,1,3,96330.0,33800.0,5.0,11891.6,2.0,0.0,0.0,76948.2,11587.92,2
2566,RC Car Iure,2024,5,2,2,414.0,230.0,10.0,97.91,0.0,0.0,0.0,0.0,0.0,4
2566,RC Car Iure,2025,3,1,4,281188.6,73997.0,5.0,55793.97,2.0,0.0,0.0,414.0,97.91,5
2567,RC Car Labore,2023,10,4,1,51606.85,54323.0,5.0,8692.8,0.0,0.0,0.0,0.0,0.0,3
2567,RC Car Labore,2024,6,2,3,10401.6,4334.0,20.0,2317.08,1.0,0.0,0.0,51606.85,8692.8,1
2575,RC Car Nihil,2024,3,1,3,100473.0,33491.0,0.0,21095.98,0.0,0.0,0.0,0.0,0.0,5
2578,RC Car Occaecati,2024,5,2,4,164228.4,45619.0,10.0,18957.68,0.0,0.0,0.0,0.0,0.0,5
2580,RC Car Omnis,2024,1,1,4,314356.0,78589.0,0.0,31464.36,0.0,0.0,0.0,0.0,0.0,1
2581,RC Car Optio,2024,12,4,4,261032.4,72509.0,10.0,59195.25,0.0,0.0,0.0,0.0,0.0,3
2585,RC Car Quaerat,2025,2,1,4,16642.8,4623.0,10.0,878.41,0.0,0.0,0.0,0.0,0.0,2
2586,RC Car Quam,2024,11,4,3,32323.8,12676.0,15.0,4419.76,0.0,0.0,0.0,0.0,0.0,4
2587,RC Car Qui,2024,8,3,1,16509.1,17378.0,5.0,3057.67,0.0,0.0,0.0,0.0,0.0,5
2589,RC Car Quis,2025,5,2,4,254768.4,70769.0,10.0,19022.63,0.0,0.0,0.0,0.0,0.0,4
2598,RC Car Veritatis,2023,11,4,1,27343.85,28783.0,5.0,6205.0,0.0,0.0,0.0,0.0,0.0,3
2599,RC Car Voluptate,2024,4,2,4,75354.2,22163.0,15.0,17884.38,0.0,0.0,0.0,0.0,0.0,5
2603,Refrigerator Accusamus,2024,3,1,1,27668.8,34586.0,20.0,4998.79,0.0,0.0,0.0,0.0,0.0,1
2604,Refrigerator Ad,2023,12,4,5,118860.0,23772.0,0.0,16062.25,0.0,0.0,0.0,0.0,0.0,2
2608,Refrigerator Aliquid,2024,5,2,5,311746.0,73352.0,15.0,42399.24,0.0,0.0,0.0,0.0,0.0,2
2608,Refrigerator Aliquid,2024,11,4,2,1139.2,712.0,20.0,269.16,5.0,0.0,0.0,311746.0,42399.24,4
2610,Refrigerator Architecto,2024,3,1,5,188480.0,39680.0,5.0,38283.44,0.0,0.0,0.0,0.0,0.0,4
2613,Refrigerator Aut,2023,11,4,2,2989.8,1661.0,10.0,549.6,0.0,0.0,0.0,0.0,0.0,1
2616,Refrigerator Corporis,2024,11,4,2,1056.0,660.0,20.0,89.97,0.0,0.0,0.0,0.0,0.0,2
2628,Refrigerator Explicabo,2024,6,2,4,252531.6,74274.0,15.0,62582.91,0.0,0.0,0.0,0.0,0.0,4
2630,Refrigerator Fuga,2024,8,3,5,86202.0,19156.0,10.0,6240.3,0.0,0.0,0.0,0.0,0.0,4
2633,Refrigerator Id,2023,11,4,4,74833.4,19693.0,5.0,17454.37,0.0,0.0,0.0,0.0,0.0,5
2636,Refrigerator Impedit,2024,4,2,1,71520.0,71520.0,0.0,9228.81,0.0,0.0,0.0,0.0,0.0,5
2638,Refrigerator Ipsa,2024,2,1,5,108240.0,21648.0,0.0,24320.48,0.0,0.0,0.0,0.0,0.0,3
2640,Refrigerator Ipsum,2024,10,4,1,63796.5,70885.0,10.0,6201.21,0.0,0.0,0.0,0.0,0.0,3
2647,Refrigerator Maiores,2023,11,4,4,287884.2,75759.0,5.0,27464.79,0.0,0.0,0.0,0.0,0.0,5
2647,Refrigerator Maiores,2024,2,1,5,266460.0,66615.0,20.0,22429.77,4.0,0.0,0.0,287884.2,27464.79,1
2649,Refrigerator Minima,2024,10,4,3,171019.2,71258.0,20.0,28222.22,0.0,0.0,0.0,0.0,0.0,2
2650,Refrigerator Modi,2025,1,1,3,205704.45,72177.0,5.0,23606.01,0.0,0.0,0.0,0.0,0.0,1
2651,Refrigerator Molestias,2024,7,3,3,163035.0,54345.0,0.0,34456.66,0.0,0.0,0.0,0.0,0.0,2
2651,Refrigerator Molestias,2024,11,4,2,135626.4,75348.0,10.0,10376.19,3.0,0.0,0.0,163035.0,34456.66,3
2652,Refrigerator Necessitatibus,2024,6,2,4,189084.8,59089.0,20.0,17704.57,0.0,0.0,0.0,0.0,0.0,2
2654,Refrigerator Officia,2024,4,2,3,200343.3,78566.0,15.0,15779.09,0.0,0.0,0.0,0.0,0.0,3
2658,Refrigerator Quae,2023,10,4,2,86930.7,45753.0,5.0,4380.43,0.0,0.0,0.0,0.0,0.0,5
2659,Refrigerator Quasi,2024,4,2,1,32007.4,33692.0,5.0,5869.21,0.0,0.0,0.0,0.0,0.0,3
2671,Refrigerator Temporibus,2024,2,1,1,60307.5,70950.0,15.0,3766.9,0.0,0.0,0.0,0.0,0.0,2
2673,Refrigerator Unde,2024,3,1,2,94683.2,55696.0,15.0,11283.19,0.0,0.0,0.0,0.0,0.0,1
2676,Refrigerator Veritatis,2023,11,4,3,132075.9,48917.0,10.0,21008.52,0.0,0.0,0.0,0.0,0.0,1
2679,Refrigerator Voluptatibus,2024,3,1,4,93316.6,24557.0,5.0,20909.57,0.0,0.0,0.0,0.0,0.0,3
2684,Rice Alias,2023,12,4,3,156909.0,52303.0,0.0,15346.43,0.0,0.0,0.0,0.0,0.0,2
2687,Rice Aut,2024,7,3,2,77940.0,38970.0,0.0,11710.67,0.0,0.0,0.0,0.0,0.0,1
2689,Rice Corporis,2024,7,3,5,99080.25,20859.0,5.0,24755.56,0.0,0.0,0.0,0.0,0.0,3
2690,Rice Culpa,2023,12,4,5,99990.0,19998.0,0.0,9341.53,0.0,0.0,0.0,0.0,0.0,5
2694,Rice Dignissimos,2024,5,2,1,63884.8,79856.0,20.0,10892.13,0.0,0.0,0.0,0.0,0.0,3
2701,Rice Error,2023,11,4,5,279550.0,55910.0,0.0,29798.57,0.0,0.0,0.0,0.0,0.0,3
2702,Rice Esse,2024,5,2,3,239523.0,79841.0,0.0,26323.93,0.0,0.0,0.0,0.0,0.0,4
2704,Rice Ex,2025,6,2,1,53463.15,56277.0,5.0,12215.5,0.0,0.0,0.0,0.0,0.0,4
2705,Rice Exercitationem,2024,7,3,4,109854.0,32310.0,15.0,11445.83,0.0,0.0,0.0,0.0,0.0,2
2708,Rice Id,2024,2,1,5,100314.0,22292.0,10.0,9395.84,0.0,0.0,0.0,0.0,0.0,1
2708,Rice Id,2024,3,1,1,47753.1,53059.0,10.0,6951.29,5.0,0.0,0.0,100314.0,9395.84,2
2709,Rice Illo,2024,2,1,5,210667.25,44351.0,5.0,29581.25,0.0,0.0,0.0,0.0,0.0,1
2710,Rice Illum,2024,4,2,4,136873.6,42773.0,20.0,20500.48,0.0,0.0,0.0,0.0,0.0,4
2711,Rice Impedit,2024,1,1,2,124936.4,65756.0,5.0,19544.76,0.0,0.0,0.0,0.0,0.0,3
2714,Rice Ipsam,2024,5,2,2,6209.6,3881.0,20.0,685.22,0.0,0.0,0.0,0.0,0.0,1
2719,Rice Nam,2024,3,1,2,10270.8,5706.0,10.0,1939.53,0.0,0.0,0.0,0.0,0.0,5
2720,Rice Nemo,2024,1,1,2,46642.9,27437.0,15.0,7201.41,0.0,0.0,0.0,0.0,0.0,1
2730,Rice Quas,2024,2,1,5,75176.0,18794.0,20.0,6251.8,0.0,0.0,0.0,0.0,0.0,4
2732,Rice Quis,2024,8,3,1,22349.7,24833.0,10.0,2813.7,0.0,0.0,0.0,0.0,0.0,4
2736,Rice Reiciendis,2024,8,3,4,62747.0,18455.0,15.0,14325.64,0.0,0.0,0.0,0.0,0.0,2
2739,Rice Similique,2024,3,1,4,145826.0,42890.0,15.0,7889.12,0.0,0.0,0.0,0.0,0.0,4
2741,Rice Tenetur,2024,5,2,3,1333.8,468.0,5.0,72.75,0.0,0.0,0.0,0.0,0.0,5
2743,Rice Ullam,2024,3,1,5,251605.0,50321.0,0.0,15427.5,0.0,0.0,0.0,0.0,0.0,5
2746,Rice Velit,2024,3,1,2,35613.0,19785.0,10.0,8243.9,0.0,0.0,0.0,0.0,0.0,1
2751,Shampoo Accusantium,2024,4,2,2,51552.0,32220.0,20.0,12761.9,0.0,0.0,0.0,0.0,0.0,1
2753,Shampoo Aperiam,2024,1,1,4,216061.2,60017.0,10.0,28677.6,0.0,0.0,0.0,0.0,0.0,1
2757,Shampoo Commodi,2024,5,2,3,171135.6,67112.0,15.0,39686.76,0.0,0.0,0.0,0.0,0.0,5
2757,Shampoo Commodi,2024,6,2,5,263075.0,61900.0,15.0,30507.31,3.0,0.0,0.0,171135.6,39686.76,3
2764,Shampoo Dignissimos,2024,4,2,2,79429.5,41805.0,5.0,7617.55,0.0,0.0,0.0,0.0,0.0,4
2769,Shampoo Eaque,2024,3,1,2,100827.2,63017.0,20.0,16163.17,0.0,0.0,0.0,0.0,0.0,4
2779,Shampoo Fugit,2024,10,4,5,373500.0,74700.0,0.0,43137.24,0.0,0.0,0.0,0.0,0.0,2
2791,Shampoo Minus,2023,10,4,5,21006.0,4668.0,10.0,1257.33,0.0,0.0,0.0,0.0,0.0,5
2791,Shampoo Minus,2023,11,4,5,1440.75,339.0,15.0,190.79,5.0,0.0,0.0,21006.0,1257.33,1
2792,Shampoo Molestiae,2023,11,4,1,50806.8,56452.0,10.0,9230.57,0.0,0.0,0.0,0.0,0.0,2
2792,Shampoo Molestiae,2024,2,1,2,112703.2,66296.0,15.0,27945.83,1.0,0.0,0.0,50806.8,9230.57,2
2796,Shampoo Nisi,2025,3,1,3,165790.2,58172.0,5.0,35707.25,0.0,0.0,0.0,0.0,0.0,5
2797,Shampoo Nulla,2024,9,3,3,72919.8,28596.0,15.0,5573.44,0.0,0.0,0.0,0.0,0.0,5
2801,Shampoo Possimus,2023,12,4,2,120180.7,63253.0,5.0,19412.75,0.0,0.0,0.0,0.0,0.0,2
2817,Shampoo Voluptate,2025,2,1,7,308051.7,46125.0,12.5,25405.15,0.0,0.0,0.0,0.0,0.0,3
2818,Shampoo Voluptatem,2024,7,3,3,167598.75,65725.0,15.0,16849.96,0.0,0.0,0.0,0.0,0.0,1
2820,Shoes A,2025,3,1,4,128968.2,33939.0,5.0,23069.65,0.0,0.0,0.0,0.0,0.0,1
2824,Shoes Aliquid,2025,1,1,4,250899.6,73794.0,15.0,61074.47,0.0,0.0,0.0,0.0,0.0,3
2825,Shoes Architecto,2024,2,1,3,75334.65,29543.0,15.0,13641.66,0.0,0.0,0.0,0.0,0.0,5
2827,Shoes At,2024,2,1,2,62406.4,39004.0,20.0,9123.67,0.0,0.0,0.0,0.0,0.0,1
2830,Shoes Consectetur,2023,12,4,6,209031.75,40749.0,2.5,37866.04,0.0,0.0,0.0,0.0,0.0,1
2830,Shoes Consectetur,2024,6,2,1,22712.0,26720.0,15.0,2991.34,6.0,0.0,0.0,209031.75,37866.04,5
2836,Shoes Deleniti,2023,12,4,4,212204.8,66314.0,20.0,52198.76,0.0,0.0,0.0,0.0,0.0,1
2844,Shoes Earum,2024,10,4,3,115677.6,48199.0,20.0,10571.59,0.0,0.0,0.0,0.0,0.0,4
2855,Shoes Incidunt,2024,8,3,3,100057.8,35108.0,5.0,18468.25,0.0,0.0,0.0,0.0,0.0,4
2856,Shoes Ipsam,2024,3,1,1,43242.4,54053.0,20.0,6551.31,0.0,0.0,0.0,0.0,0.0,1
2880,Shoes Quo,2023,10,4,2,118178.1,62199.0,5.0,23352.1,0.0,0.0,0.0,0.0,0.0,4
2880,Shoes Quo,2023,12,4,4,31845.6,8846.0,10.0,2450.87,2.0,0.0,0.0,118178.1,23352.1,3
2890,Shoes Soluta,2023,11,4,1,7900.2,8316.0,5.0,1120.68,0.0,0.0,0.0,0.0,0.0,3
2895,Shoes Velit,2025,5,2,1,850.4,1063.0,20.0,123.54,0.0,0.0,0.0,0.0,0.0,5
2904,Smartwatch Ad,2024,1,1,4,138529.6,40744.0,15.0,21892.54,0.0,0.0,0.0,0.0,0.0,3
2905,Smartwatch Adipisci,2024,7,3,4,48844.8,13568.0,10.0,6603.86,0.0,0.0,0.0,0.0,0.0,1
2912,Smartwatch At,2025,7,3,1,60217.0,60217.0,0.0,4724.86,0.0,0.0,0.0,0.0,0.0,1
2914,Smartwatch Consectetur,2024,12,4,3,121552.5,42650.0,5.0,18972.93,0.0,0.0,0.0,0.0,0.0,3
2918,Smartwatch Cumque,2024,2,1,2,70320.9,37011.0,5.0,10952.68,0.0,0.0,0.0,0.0,0.0,4
2921,Smartwatch Dolorum,2024,12,4,3,10495.2,4373.0,20.0,1731.13,0.0,0.0,0.0,0.0,0.0,5
2923,Smartwatch Error,2023,12,4,2,142306.2,74898.0,5.0,10168.18,0.0,0.0,0.0,0.0,0.0,5
2925,Smartwatch Eum,2024,1,1,2,127163.4,74802.0,15.0,8863.77,0.0,0.0,0.0,0.0,0.0,3
2925,Smartwatch Eum,2024,2,1,3,109263.0,36421.0,0.0,17686.3,2.0,0.0,0.0,127163.4,8863.77,5
2929,Smartwatch Illo,2024,2,1,4,6956.8,2174.0,20.0,761.33,0.0,0.0,0.0,0.0,0.0,4
2930,Smartwatch Illum,2024,9,3,2,73276.2,40709.0,10.0,14441.79,0.0,0.0,0.0,0.0,0.0,1
2932,Smartwatch Ipsa,2023,10,4,2,47874.3,25197.0,5.0,7675.19,0.0,0.0,0.0,0.0,0.0,1
2932,Smartwatch Ipsa,2024,10,4,1,66693.55,78463.0,15.0,13965.93,2.0,0.0,0.0,47874.3,7675.19,4
2934,Smartwatch Iste,2023,12,4,5,106037.5,24950.0,15.0,10712.41,0.0,0.0,0.0,0.0,0.0,2
2935,Smartwatch Iusto,2024,8,3,1,61952.0,61952.0,0.0,5178.3,0.0,0.0,0.0,0.0,0.0,4
2936,Smartwatch Magni,2023,11,4,5,123408.0,27424.0,10.0,18240.32,0.0,0.0,0.0,0.0,0.0,3
2937,Smartwatch Minus,2023,11,4,3,66719.7,24711.0,10.0,15381.82,0.0,0.0,0.0,0.0,0.0,2
2943,Smartwatch Nostrum,2024,5,2,1,73497.0,73497.0,0.0,9512.04,0.0,0.0,0.0,0.0,0.0,4
2949,Smartwatch Perspiciatis,2025,4,2,5,203352.0,50838.0,20.0,10664.02,0.0,0.0,0.0,0.0,0.0,1
2971,Smartwatch Veniam,2024,3,1,2,103944.0,51972.0,0.0,15594.83,0.0,0.0,0.0,0.0,0.0,2
2974,Smartwatch Vitae,2024,6,2,5,94388.0,23597.0,20.0,22123.47,0.0,0.0,0.0,0.0,0.0,1
2977,Sofa Ad,2023,11,4,3,191990.25,67365.0,5.0,20011.68,0.0,0.0,0.0,0.0,0.0,3
2977,Sofa Ad,2025,2,1,3,189945.0,63315.0,0.0,36976.92,3.0,0.0,0.0,191990.25,20011.68,2
2981,Sofa Aperiam,2024,6,2,1,3420.9,3801.0,10.0,205.0,0.0,0.0,0.0,0.0,0.0,1
2981,Sofa Aperiam,2025,5,2,1,33833.3,35614.0,5.0,8035.97,1.0,0.0,0.0,3420.9,205.0,1
2983,Sofa Atque,2024,2,1,1,75959.0,75959.0,0.0,7603.05,0.0,0.0,0.0,0.0,0.0,5
2984,Sofa Aut,2023,10,4,5,109497.0,23052.0,5.0,12674.21,0.0,0.0,0.0,0.0,0.0,3
2984,Sofa Aut,2025,4,2,3,183918.75,72125.0,15.0,35399.77,5.0,0.0,0.0,109497.0,12674.21,1
2987,Sofa Cumque,2025,6,2,4,165413.4,48651.0,15.0,38671.65,0.0,0.0,0.0,0.0,0.0,2
2989,Sofa Deleniti,2024,6,2,4,193795.2,60561.0,20.0,21970.55,0.0,0.0,0.0,0.0,0.0,1
2991,Sofa Dolor,2024,7,3,1,51013.6,63767.0,20.0,4109.49,0.0,0.0,0.0,0.0,0.0,5
2991,Sofa Dolor,2025,2,1,5,354706.25,74675.0,5.0,21695.58,1.0,0.0,0.0,51013.6,4109.49,4
2994,Sofa Doloremque,2024,2,1,2,61436.5,32335.0,5.0,14426.38,0.0,0.0,0.0,0.0,0.0,3
2995,Sofa Dolorum,2024,6,2,2,87190.2,48439.0,10.0,19167.89,0.0,0.0,0.0,0.0,0.0,4
2997,Sofa Ea,2024,3,1,5,139448.0,34862.0,20.0,24702.71,0.0,0.0,0.0,0.0,0.0,5
3001,Sofa Expedita,2024,7,3,3,131689.95,46207.0,5.0,32483.99,0.0,0.0,0.0,0.0,0.0,5
3003,Sofa Facere,2024,6,2,5,147028.5,32673.0,10.0,35636.96,0.0,0.0,0.0,0.0,0.0,4
3005,Sofa Fugiat,2025,4,2,2,70437.6,39132.0,10.0,11394.23,0.0,0.0,0.0,0.0,0.0,3
3014,Sofa Laboriosam,2025,8,3,5,220442.75,46409.0,5.0,50160.42,0.0,0.0,0.0,0.0,0.0,2
3016,Sofa Maiores,2024,8,3,2,124005.6,68892.0,10.0,22523.65,0.0,0.0,0.0,0.0,0.0,4
3020,Sofa Mollitia,2023,11,4,2,29036.8,18148.0,20.0,6983.13,0.0,0.0,0.0,0.0,0.0,2
3022,Sofa Natus,2023,12,4,4,158876.8,49649.0,20.0,23210.84,0.0,0.0,0.0,0.0,0.0,3
3025,Sofa Nobis,2024,2,1,5,189824.25,39963.0,5.0,20130.56,0.0,0.0,0.0,0.0,0.0,4
3025,Sofa Nobis,2024,4,2,4,31977.6,9993.0,20.0,2719.42,5.0,0.0,0.0,189824.25,20130.56,5
3029,Sofa Odit,2023,11,4,5,230735.0,46147.0,0.0,24814.54,0.0,0.0,0.0,0.0,0.0,4
3035,Sofa Praesentium,2024,12,4,3,158157.9,58577.0,10.0,25712.93,0.0,0.0,0.0,0.0,0.0,5
3041,Sofa Quisquam,2025,3,1,4,193608.0,48402.0,0.0,22576.47,0.0,0.0,0.0,0.0,0.0,3
3042,Sofa Quod,2024,4,2,2,25795.8,15174.0,15.0,2741.07,0.0,0.0,0.0,0.0,0.0,4
3046,Sofa Reprehenderit,2024,7,3,1,31183.75,32825.0,5.0,6830.57,0.0,0.0,0.0,0.0,0.0,2
3049,Sofa Sed,2025,2,1,4,173167.2,48102.0,10.0,40443.37,0.0,0.0,0.0,0.0,0.0,1
3049,Sofa Sed,2025,4,2,1,8771.15,10319.0,15.0,1189.05,4.0,0.0,0.0,173167.2,40443.37,3
3055,Sofa Temporibus,2024,5,2,5,65178.0,14484.0,10.0,14017.38,0.0,0.0,0.0,0.0,0.0,1
3058,Sofa Vel,2024,2,1,5,51403.5,11423.0,10.0,6876.31,0.0,0.0,0.0,0.0,0.0,4
3061,Sofa Voluptas,2025,1,1,4,92333.8,27157.0,15.0,8406.91,0.0,0.0,0.0,0.0,0.0,1
3063,Sofa Voluptatibus,2024,11,4,3,115824.6,42898.0,10.0,23231.6,0.0,0.0,0.0,0.0,0.0,3
3069,Spices Consectetur,2024,4,2,2,56899.2,35562.0,20.0,10231.06,0.0,0.0,0.0,0.0,0.0,5
3076,Spices Dolor,2024,1,1,1,39768.0,39768.0,0.0,5767.62,0.0,0.0,0.0,0.0,0.0,2
3080,Spices Dolores,2023,11,4,1,64034.75,75335.0,15.0,13472.26,0.0,0.0,0.0,0.0,0.0,5
3083,Spices Earum,2023,12,4,3,109380.0,45575.0,20.0,5927.28,0.0,0.0,0.0,0.0,0.0,1
3092,Spices Expedita,2025,3,1,1,32667.2,40834.0,20.0,3700.89,0.0,0.0,0.0,0.0,0.0,1
3093,Spices Fugit,2024,10,4,5,3135.0,627.0,0.0,447.89,0.0,0.0,0.0,0.0,0.0,1
3095,Spices Hic,2024,3,1,5,45215.25,9519.0,5.0,3432.86,0.0,0.0,0.0,0.0,0.0,5
3095,Spices Hic,2024,5,2,5,205083.75,48255.0,15.0,26311.68,5.0,0.0,0.0,45215.25,3432.86,2
3096,Spices Incidunt,2023,11,4,1,41768.1,46409.0,10.0,2494.26,0.0,0.0,0.0,0.0,0.0,5
3096,Spices Incidunt,2024,3,1,5,89119.5,18762.0,5.0,6850.32,1.0,0.0,0.0,41768.1,2494.26,1
3104,Spices Minus,2025,1,1,1,34807.5,38675.0,10.0,4722.05,0.0,0.0,0.0,0.0,0.0,1
3108,Spices Nostrum,2023,12,4,4,17978.4,4994.0,10.0,2589.61,0.0,0.0,0.0,0.0,0.0,3
3111,Spices Officia,2024,1,1,3,71577.75,25115.0,5.0,16041.49,0.0,0.0,0.0,0.0,0.0,4
3114,Spices Pariatur,2024,9,3,3,78795.0,26265.0,0.0,13932.19,0.0,0.0,0.0,0.0,0.0,2
3121,Spices Quia,2024,4,2,2,84267.2,52667.0,20.0,15553.15,0.0,0.0,0.0,0.0,0.0,2
3122,Spices Quibusdam,2024,7,3,4,194304.0,60720.0,20.0,22133.9,0.0,0.0,0.0,0.0,0.0,5
3122,Spices Quibusdam,2025,1,1,5,220623.25,46447.0,5.0,26911.85,4.0,0.0,0.0,194304.0,22133.9,4
3123,Spices Quidem,2023,10,4,4,78441.6,24513.0,20.0,11584.72,0.0,0.0,0.0,0.0,0.0,2
3127,Spices Quos,2025,5,2,3,62310.6,23078.0,10.0,13946.65,0.0,0.0,0.0,0.0,0.0,3
3128,Spices Reiciendis,2024,3,1,3,17949.6,7479.0,20.0,2704.4,0.0,0.0,0.0,0.0,0.0,3
3132,Spices Suscipit,2024,10,4,4,160170.6,47109.0,15.0,39645.99,0.0,0.0,0.0,0.0,0.0,3
3137,Spices Vero,2024,3,1,3,176979.0,58993.0,0.0,25699.24,0.0,0.0,0.0,0.0,0.0,2
3144,Sugar At,2024,11,4,1,19470.1,22906.0,15.0,2548.3,0.0,0.0,0.0,0.0,0.0,2
3146,Sugar Cupiditate,2023,10,4,5,12966.75,3051.0,15.0,1413.68,0.0,0.0,0.0,0.0,0.0,3
3148,Sugar Dicta,2023,10,4,4,46692.2,13733.0,15.0,10966.25,0.0,0.0,0.0,0.0,0.0,1
3157,Sugar Est,2024,2,1,2,112752.5,66325.0,15.0,16460.65,0.0,0.0,0.0,0.0,0.0,2
3161,Sugar Excepturi,2024,1,1,1,67190.8,79048.0,15.0,9016.43,0.0,0.0,0.0,0.0,0.0,5
3161,Sugar Excepturi,2024,4,2,5,337675.25,79453.0,15.0,80309.87,1.0,0.0,0.0,67190.8,9016.43,4
3169,Sugar Iure,2024,9,3,5,236670.0,47334.0,0.0,13160.48,0.0,0.0,0.0,0.0,0.0,5
3170,Sugar Iusto,2023,10,4,3,114712.2,42486.0,10.0,18919.06,0.0,0.0,0.0,0.0,0.0,1
3172,Sugar Laborum,2024,2,1,5,195340.5,43409.0,10.0,17255.18,0.0,0.0,0.0,0.0,0.0,2
3180,Sugar Non,2023,10,4,1,61466.0,61466.0,0.0,11022.91,0.0,0.0,0.0,0.0,0.0,2
3181,Sugar Nostrum,2024,5,2,4,232006.4,72502.0,20.0,25682.38,0.0,0.0,0.0,0.0,0.0,3
3181,Sugar Nostrum,2024,12,4,3,58032.0,19344.0,0.0,14341.48,4.0,0.0,0.0,232006.4,25682.38,3
3183,Sugar Officia,2024,3,1,3,219096.6,76876.0,5.0,16650.66,0.0,0.0,0.0,0.0,0.0,2
3190,Sugar Qui,2023,12,4,5,338971.5,75327.0,10.0,22101.23,0.0,0.0,0.0,0.0,0.0,1
3193,Sugar Quis,2024,1,1,2,106764.8,66728.0,20.0,25571.79,0.0,0.0,0.0,0.0,0.0,4
3195,Sugar Ratione,2024,7,3,1,73062.6,76908.0,5.0,9415.25,0.0,0.0,0.0,0.0,0.0,1
3195,Sugar Ratione,2025,1,1,1,23907.2,29884.0,20.0,3202.55,1.0,0.0,0.0,73062.6,9415.25,2
3197,Sugar Reiciendis,2023,11,4,1,19369.0,19369.0,0.0,1170.51,0.0,0.0,0.0,0.0,0.0,3
3199,Sugar Reprehenderit,2024,12,4,3,26824.8,11177.0,20.0,6147.14,0.0,0.0,0.0,0.0,0.0,1
3203,Sugar Suscipit,2025,1,1,3,157272.0,65530.0,20.0,9403.17,0.0,0.0,0.0,0.0,0.0,5
3209,Sugar Voluptas,2024,11,4,5,131204.0,32801.0,20.0,10020.28,0.0,0.0,0.0,0.0,0.0,4
3210,Sugar Voluptates,2023,10,4,5,368275.0,73655.0,0.0,89688.44,0.0,0.0,0.0,0.0,0.0,4
3218,Table Atque,2023,10,4,5,292723.5,61626.0,5.0,71120.16,0.0,0.0,0.0,0.0,0.0,4
3218,Table Atque,2023,11,4,4,240996.0,63420.0,5.0,22124.71,5.0,0.0,0.0,292723.5,71120.16,3
3220,Table Beatae,2023,11,4,3,226355.55,79423.0,5.0,37482.7,0.0,0.0,0.0,0.0,0.0,2
3233,Table Error,2024,12,4,3,2193.0,731.0,0.0,214.1,0.0,0.0,0.0,0.0,0.0,2
3236,Table Excepturi,2023,12,4,2,131151.3,69027.0,5.0,8562.53,0.0,0.0,0.0,0.0,0.0,1
3241,Table Harum,2024,10,4,2,25697.5,13525.0,5.0,2936.71,0.0,0.0,0.0,0.0,0.0,4
3244,Table Ipsa,2023,10,4,4,18208.0,4552.0,0.0,3976.68,0.0,0.0,0.0,0.0,0.0,4
3244,Table Ipsa,2024,12,4,4,141801.6,44313.0,20.0,31103.35,4.0,0.0,0.0,18208.0,3976.68,5
3248,Table Iure,2024,7,3,3,59273.1,21953.0,10.0,14613.39,0.0,0.0,0.0,0.0,0.0,4
3250,Table Laudantium,2024,1,1,5,147440.0,29488.0,0.0,23444.45,0.0,0.0,0.0,0.0,0.0,1
3250,Table Laudantium,2024,5,2,1,6898.4,8623.0,20.0,677.28,5.0,0.0,0.0,147440.0,23444.45,1
3253,Table Molestiae,2024,1,1,2,128907.0,71615.0,10.0,27444.71,0.0,0.0,0.0,0.0,0.0,4
3258,Table Nihil,2024,1,1,2,73872.0,38880.0,5.0,13951.29,0.0,0.0,0.0,0.0,0.0,1
3264,Table Perferendis,2024,8,3,5,234220.5,52049.0,10.0,37646.21,0.0,0.0,0.0,0.0,0.0,2
3273,Table Repudiandae,2023,10,4,3,77522.4,32301.0,20.0,10882.22,0.0,0.0,0.0,0.0,0.0,2
3275,Table Similique,2023,10,4,4,56876.4,15799.0,10.0,11137.0,0.0,0.0,0.0,0.0,0.0,3
3278,Table Tenetur,2024,5,2,3,151647.0,50549.0,0.0,15286.16,0.0,0.0,0.0,0.0,0.0,1
3278,Table Tenetur,2024,11,4,1,41459.6,48776.0,15.0,9356.05,3.0,0.0,0.0,151647.0,15286.16,4
3282,Table Voluptate,2024,4,2,1,52961.0,52961.0,0.0,12025.23,0.0,0.0,0.0,0.0,0.0,1
3285,Table Voluptatum,2024,10,4,5,101235.0,20247.0,0.0,25010.39,0.0,0.0,0.0,0.0,0.0,3
3290,Tennis Racket Asperiores,2024,4,2,2,81556.0,40778.0,0.0,19814.83,0.0,0.0,0.0,0.0,0.0,3
3293,Tennis Racket Commodi,2025,4,2,1,40865.4,45406.0,10.0,7964.53,0.0,0.0,0.0,0.0,0.0,4
3295,Tennis Racket Consequuntur,2024,5,2,2,129746.0,64873.0,0.0,22510.46,0.0,0.0,0.0,0.0,0.0,2
3295,Tennis Racket Consequuntur,2025,2,1,2,93594.0,46797.0,0.0,9322.99,2.0,0.0,0.0,129746.0,22510.46,3
3298,Tennis Racket Culpa,2024,1,1,2,120636.7,63493.0,5.0,26839.18,0.0,0.0,0.0,0.0,0.0,5
3306,Tennis Racket Doloremque,2024,10,4,2,41674.0,20837.0,0.0,10172.62,0.0,0.0,0.0,0.0,0.0,2
3306,Tennis Racket Doloremque,2024,11,4,2,58688.0,29344.0,0.0,4597.42,2.0,0.0,0.0,41674.0,10172.62,5
3309,Tennis Racket Earum,2024,7,3,4,68605.2,18054.0,5.0,15558.14,0.0,0.0,0.0,0.0,0.0,3
3314,Tennis Racket Excepturi,2023,12,4,4,136601.6,42688.0,20.0,16886.7,0.0,0.0,0.0,0.0,0.0,3
3320,Tennis Racket Illo,2024,6,2,3,186378.3,69029.0,10.0,39812.81,0.0,0.0,0.0,0.0,0.0,4
3326,Tennis Racket Laboriosam,2023,10,4,1,12276.55,14443.0,15.0,1865.77,0.0,0.0,0.0,0.0,0.0,5
3326,Tennis Racket Laboriosam,2024,4,2,5,334107.0,74246.0,10.0,27522.2,1.0,0.0,0.0,12276.55,1865.77,1
3326,Tennis Racket Laboriosam,2024,5,2,1,50084.8,62606.0,20.0,5298.77,5.0,3.0,0.0,334107.0,27522.2,2
3331,Tennis Racket Molestiae,2025,2,1,4,192392.4,56586.0,15.0,41424.57,0.0,0.0,0.0,0.0,0.0,5
3332,Tennis Racket Mollitia,2023,11,4,2,111151.8,61751.0,10.0,24641.53,0.0,0.0,0.0,0.0,0.0,3
3336,Tennis Racket Omnis,2024,1,1,3,193249.8,71574.0,10.0,37738.28,0.0,0.0,0.0,0.0,0.0,1
3338,Tennis Racket Pariatur,2024,8,3,3,119936.7,44421.0,10.0,14181.28,0.0,0.0,0.0,0.0,0.0,1
3339,Tennis Racket Perferendis,2024,1,1,4,181386.0,50385.0,10.0,41433.44,0.0,0.0,0.0,0.0,0.0,4
3346,Tennis Racket Quos,2024,11,4,2,36822.4,23014.0,20.0,4280.54,0.0,0.0,0.0,0.0,0.0,1
3346,Tennis Racket Quos,2025,4,2,1,41834.7,46483.0,10.0,7938.5,2.0,0.0,0.0,36822.4,4280.54,3
3351,Tennis Racket Repellendus,2025,1,1,2,14734.0,7367.0,0.0,3181.88,0.0,0.0,0.0,0.0,0.0,2
3355,Tennis Racket Sapiente,2024,6,2,2,63709.2,35394.0,10.0,3898.41,0.0,0.0,0.0,0.0,0.0,5
3356,Tennis Racket Sed,2023,12,4,1,36420.8,42848.0,15.0,6430.25,0.0,0.0,0.0,0.0,0.0,4
3356,Tennis Racket Sed,2024,9,3,4,61992.0,15498.0,0.0,5890.9,1.0,0.0,0.0,36420.8,6430.25,5
3357,Tennis Racket Sit,2024,5,2,1,65364.3,72627.0,10.0,11782.64,0.0,0.0,0.0,0.0,0.0,2
3361,Tennis Racket Vero,2024,5,2,5,214130.0,45080.0,5.0,20871.6,0.0,0.0,0.0,0.0,0.0,4
3368,Textbook Alias,2024,1,1,1,68905.4,72532.0,5.0,5338.34,0.0,0.0,0.0,0.0,0.0,4
3373,Textbook Beatae,2023,12,4,5,102420.0,22760.0,10.0,23303.66,0.0,0.0,0.0,0.0,0.0,2
3377,Textbook Consequuntur,2023,11,4,2,136404.0,68202.0,0.0,33860.63,0.0,0.0,0.0,0.0,0.0,2
3382,Textbook Delectus,2024,1,1,1,28226.4,35283.0,20.0,3175.83,0.0,0.0,0.0,0.0,0.0,5
3385,Textbook Distinctio,2024,2,1,2,44076.6,24487.0,10.0,5989.51,0.0,0.0,0.0,0.0,0.0,5
3386,Textbook Dolore,2024,12,4,1,59384.8,74231.0,20.0,4116.67,0.0,0.0,0.0,0.0,0.0,4
3387,Textbook Doloribus,2024,5,2,4,231328.0,72290.0,20.0,17534.93,0.0,0.0,0.0,0.0,0.0,4
3387,Textbook Doloribus,2025,4,2,4,127184.0,31796.0,0.0,26219.33,4.0,0.0,0.0,231328.0,17534.93,4
3388,Textbook Enim,2023,12,4,5,30495.0,6420.0,5.0,5690.9,0.0,0.0,0.0,0.0,0.0,5
3396,Textbook Illo,2024,8,3,4,148505.6,46408.0,20.0,11976.6,0.0,0.0,0.0,0.0,0.0,3
3397,Textbook Inventore,2024,1,1,5,172866.75,36393.0,5.0,39437.91,0.0,0.0,0.0,0.0,0.0,3
3400,Textbook Iusto,2025,2,1,1,58614.4,73268.0,20.0,9720.12,0.0,0.0,0.0,0.0,0.0,5
3408,Textbook Nihil,2023,10,4,3,135717.6,56549.0,20.0,9387.13,0.0,0.0,0.0,0.0,0.0,1
3410,Textbook Non,2024,6,2,5,249152.0,62288.0,20.0,34717.96,0.0,0.0,0.0,0.0,0.0,2
3410,Textbook Non,2025,2,1,2,114370.9,67277.0,15.0,20678.5,5.0,0.0,0.0,249152.0,34717.96,3
3411,Textbook Numquam,2023,11,4,4,5064.0,1266.0,0.0,381.53,0.0,0.0,0.0,0.0,0.0,5
3413,Textbook Omnis,2024,10,4,5,310113.25,65287.0,5.0,55673.58,0.0,0.0,0.0,0.0,0.0,5
3413,Textbook Omnis,2024,12,4,5,174705.0,36780.0,5.0,33211.51,5.0,0.0,0.0,310113.25,55673.58,4
3415,Textbook Placeat,2024,11,4,5,318150.0,63630.0,0.0,61460.96,0.0,0.0,0.0,0.0,0.0,1
3415,Textbook Placeat,2025,1,1,1,48178.0,56680.0,15.0,7140.03,5.0,0.0,0.0,318150.0,61460.96,2
3418,Textbook Quae,2024,2,1,1,49852.2,52476.0,5.0,3203.67,0.0,0.0,0.0,0.0,0.0,2
3419,Textbook Quam,2024,12,4,5,61068.0,15267.0,20.0,10558.23,0.0,0.0,0.0,0.0,0.0,3
3423,Textbook Quo,2024,2,1,5,159723.0,35494.0,10.0,21166.83,0.0,0.0,0.0,0.0,0.0,1
3426,Textbook Repudiandae,2023,10,4,3,153276.3,56769.0,10.0,12602.59,0.0,0.0,0.0,0.0,0.0,2
3428,Textbook Soluta,2023,11,4,3,81329.7,31894.0,15.0,18780.74,0.0,0.0,0.0,0.0,0.0,5
3439,Vase A,2024,8,3,3,91874.4,38281.0,20.0,9971.38,0.0,0.0,0.0,0.0,0.0,2
3447,Vase Beatae,2023,12,4,2,97754.4,54308.0,10.0,4988.07,0.0,0.0,0.0,0.0,0.0,1
3454,Vase Dolorem,2024,7,3,2,128307.0,67530.0,5.0,17731.04,0.0,0.0,0.0,0.0,0.0,5
3457,Vase Ducimus,2024,10,4,3,9688.8,4037.0,20.0,1864.06,0.0,0.0,0.0,0.0,0.0,3
3460,Vase Esse,2024,1,1,5,207312.0,51828.0,20.0,22005.44,0.0,0.0,0.0,0.0,0.0,5
3460,Vase Esse,2024,2,1,5,61800.0,15450.0,20.0,6873.22,5.0,0.0,0.0,207312.0,22005.44,1
3463,Vase Eveniet,2024,4,2,5,307933.75,72455.0,15.0,29043.49,0.0,0.0,0.0,0.0,0.0,1
3463,Vase Eveniet,2024,10,4,1,28657.6,35822.0,20.0,1832.41,5.0,0.0,0.0,307933.75,29043.49,4
3464,Vase Ex,2024,2,1,4,174587.2,45944.0,5.0,23684.63,0.0,0.0,0.0,0.0,0.0,3
3465,Vase Exercitationem,2025,3,1,5,30319.25,6383.0,5.0,6663.92,0.0,0.0,0.0,0.0,0.0,2
3470,Vase In,2024,3,1,2,97323.7,51223.0,5.0,20200.91,0.0,0.0,0.0,0.0,0.0,1
3471,Vase Inventore,2023,11,4,1,54079.7,56926.0,5.0,12005.1,0.0,0.0,0.0,0.0,0.0,3
3474,Vase Iure,2024,3,1,5,101654.75,21401.0,5.0,18872.76,0.0,0.0,0.0,0.0,0.0,4
3474,Vase Iure,2025,1,1,4,53784.0,13446.0,0.0,6554.39,5.0,0.0,0.0,101654.75,18872.76,4
3483,Vase Modi,2024,1,1,4,71299.4,18763.0,5.0,10868.48,0.0,0.0,0.0,0.0,0.0,3
3486,Vase Natus,2023,10,4,2,3376.2,1986.0,15.0,635.51,0.0,0.0,0.0,0.0,0.0,3
3487,Vase Necessitatibus,2024,6,2,2,21146.3,12439.0,15.0,4550.13,0.0,0.0,0.0,0.0,0.0,2
3494,Vase Occaecati,2024,9,3,4,40308.0,10077.0,0.0,4785.62,0.0,0.0,0.0,0.0,0.0,5
3494,Vase Occaecati,2024,11,4,5,57703.0,12148.0,5.0,10004.31,4.0,0.0,0.0,40308.0,4785.62,2
3498,Vase Perferendis,2024,3,1,5,141571.75,33311.0,15.0,10032.41,0.0,0.0,0.0,0.0,0.0,1
3498,Vase Perferendis,2025,6,2,1,76363.0,76363.0,0.0,18403.02,5.0,0.0,0.0,141571.75,10032.41,2
3499,Vase Porro,2025,3,1,1,36266.0,36266.0,0.0,4748.85,0.0,0.0,0.0,0.0,0.0,4
3503,Vase Quia,2025,3,1,2,7636.8,4773.0,20.0,1172.75,0.0,0.0,0.0,0.0,0.0,2
3504,Vase Quisquam,2023,11,4,2,87015.6,48342.0,10.0,8010.29,0.0,0.0,0.0,0.0,0.0,4
3505,Vase Quo,2023,12,4,4,157689.6,49278.0,20.0,24924.61,0.0,0.0,0.0,0.0,0.0,1
3515,Vase Tempore,2024,9,3,8,195759.0,25534.5,10.0,31406.53,0.0,0.0,0.0,0.0,0.0,5
3519,Vase Ut,2023,10,4,3,53973.0,19990.0,10.0,12190.49,0.0,0.0,0.0,0.0,0.0,4
3531,Wall Art Commodi,2023,11,4,5,228944.0,57236.0,20.0,30219.42,0.0,0.0,0.0,0.0,0.0,4
3538,Wall Art Distinctio,2025,6,2,2,120097.8,66721.0,10.0,26133.82,0.0,0.0,0.0,0.0,0.0,3
3541,Wall Art Dolores,2024,1,1,2,23765.2,12508.0,5.0,1926.46,0.0,0.0,0.0,0.0,0.0,5
3546,Wall Art Error,2024,4,2,3,32888.7,12181.0,10.0,7503.84,0.0,0.0,0.0,0.0,0.0,3
3547,Wall Art Est,2024,6,2,3,186325.95,73069.0,15.0,25422.82,0.0,0.0,0.0,0.0,0.0,3
3550,Wall Art Excepturi,2023,12,4,4,251704.0,62926.0,0.0,40267.43,0.0,0.0,0.0,0.0,0.0,5
3552,Wall Art Facere,2023,11,4,3,120691.8,42348.0,5.0,21925.13,0.0,0.0,0.0,0.0,0.0,3
3552,Wall Art Facere,2025,5,2,3,219492.0,73164.0,0.0,52308.41,3.0,0.0,0.0,120691.8,21925.13,2
3553,Wall Art Facilis,2023,10,4,3,116460.0,38820.0,0.0,10292.25,0.0,0.0,0.0,0.0,0.0,2
3557,Wall Art Ipsa,2024,8,3,1,40814.0,40814.0,0.0,7510.69,0.0,0.0,0.0,0.0,0.0,5
3557,Wall Art Ipsa,2025,1,1,5,239296.5,53177.0,10.0,14656.39,1.0,0.0,0.0,40814.0,7510.69,3
3559,Wall Art Iusto,2024,7,3,4,123331.2,38541.0,20.0,7235.78,0.0,0.0,0.0,0.0,0.0,2
3561,Wall Art Laboriosam,2024,8,3,2,35492.8,22183.0,20.0,2737.71,0.0,0.0,0.0,0.0,0.0,4
3570,Wall Art Numquam,2024,2,1,4,273413.8,71951.0,5.0,57713.74,0.0,0.0,0.0,0.0,0.0,1
3570,Wall Art Numquam,2024,7,3,1,59223.6,65804.0,10.0,11869.84,4.0,0.0,0.0,273413.8,57713.74,3
3582,Wall Art Quos,2024,7,3,1,58116.0,72645.0,20.0,13838.66,0.0,0.0,0.0,0.0,0.0,1
3582,Wall Art Quos,2024,11,4,1,50451.2,63064.0,20.0,12529.73,1.0,0.0,0.0,58116.0,13838.66,5
3584,Wall Art Saepe,2024,5,2,10,483154.5,51852.0,7.5,105582.02,0.0,0.0,0.0,0.0,0.0,1
3584,Wall Art Saepe,2025,4,2,1,5844.8,7306.0,20.0,518.84,10.0,0.0,0.0,483154.5,105582.02,3
3588,Wall Art Similique,2025,2,1,4,42738.0,12570.0,15.0,5354.37,0.0,0.0,0.0,0.0,0.0,2
3597,Wall Art Voluptate,2024,9,3,2,75422.0,37711.0,0.0,3784.17,0.0,0.0,0.0,0.0,0.0,4
3598,Wall Art Voluptatem,2025,1,1,3,161683.35,56731.0,5.0,31500.94,0.0,0.0,0.0,0.0,0.0,4
3602,Wheat Adipisci,2024,3,1,2,127513.6,79696.0,20.0,15071.89,0.0,0.0,0.0,0.0,0.0,3
3604,Wheat Animi,2025,5,2,3,112462.65,44103.0,15.0,21743.77,0.0,0.0,0.0,0.0,0.0,3
3612,Wheat Consequuntur,2025,1,1,2,45981.0,25545.0,10.0,9818.01,0.0,0.0,0.0,0.0,0.0,2
3613,Wheat Corporis,2023,11,4,4,162108.0,42660.0,5.0,28163.45,0.0,0.0,0.0,0.0,0.0,3
3616,Wheat Distinctio,2024,2,1,4,59603.2,18626.0,20.0,4144.46,0.0,0.0,0.0,0.0,0.0,2
3619,Wheat Doloribus,2023,11,4,2,6368.4,3538.0,10.0,1308.71,0.0,0.0,0.0,0.0,0.0,4
3620,Wheat Ducimus,2025,5,2,3,174399.6,68392.0,15.0,33573.54,0.0,0.0,0.0,0.0,0.0,2
3629,Wheat Laborum,2024,12,4,3,136582.2,50586.0,10.0,22714.09,0.0,0.0,0.0,0.0,0.0,3
3630,Wheat Laudantium,2024,12,4,3,59258.4,24691.0,20.0,11759.08,0.0,0.0,0.0,0.0,0.0,1
3631,Wheat Magnam,2023,11,4,5,341830.0,68366.0,0.0,20138.48,0.0,0.0,0.0,0.0,0.0,1
3637,Wheat Nam,2023,10,4,4,8841.6,2456.0,10.0,1589.25,0.0,0.0,0.0,0.0,0.0,5
3640,Wheat Nemo,2024,1,1,1,9894.0,11640.0,15.0,1105.99,0.0,0.0,0.0,0.0,0.0,5
3646,Wheat Perspiciatis,2023,10,4,2,111308.4,61838.0,10.0,6913.52,0.0,0.0,0.0,0.0,0.0,4
3648,Wheat Possimus,2024,8,3,5,44778.25,9427.0,5.0,4569.89,0.0,0.0,0.0,0.0,0.0,3
3653,Wheat Recusandae,2023,10,4,1,53454.8,62888.0,15.0,8257.27,0.0,0.0,0.0,0.0,0.0,4
3655,Wheat Repellendus,2024,9,3,3,69189.0,23063.0,0.0,13824.22,0.0,0.0,0.0,0.0,0.0,5
3656,Wheat Sed,2024,11,4,4,196108.6,57679.0,15.0,14044.21,0.0,0.0,0.0,0.0,0.0,1
3657,Wheat Sint,2024,3,1,2,15589.0,9170.0,15.0,3591.92,0.0,0.0,0.0,0.0,0.0,3
3658,Wheat Sit,2024,1,1,4,95801.8,28177.0,15.0,11204.61,0.0,0.0,0.0,0.0,0.0,4
3666,Wheat Voluptate,2023,12,4,2,14160.7,7453.0,5.0,3203.36,0.0,0.0,0.0,0.0,0.0,5
3677,Women's Wear Corporis,2024,2,1,3,60854.4,25356.0,20.0,5830.96,0.0,0.0,0.0,0.0,0.0,3
3677,Women's Wear Corporis,2024,6,2,3,29253.6,12189.0,20.0,3541.45,3.0,0.0,0.0,60854.4,5830.96,3
3681,Women's Wear Delectus,2024,10,4,4,32734.8,9093.0,10.0,4322.02,0.0,0.0,0.0,0.0,0.0,1
3688,Women's Wear Ducimus,2024,8,3,3,173972.55,61043.0,5.0,38352.02,0.0,0.0,0.0,0.0,0.0,1
3690,Women's Wear Eaque,2024,4,2,3,120637.65,42329.0,5.0,29672.69,0.0,0.0,0.0,0.0,0.0,4
3697,Women's Wear Explicabo,2023,12,4,1,62171.0,62171.0,0.0,11086.04,0.0,0.0,0.0,0.0,0.0,2
3698,Women's Wear Fugiat,2024,3,1,2,104764.2,61626.0,15.0,7899.96,0.0,0.0,0.0,0.0,0.0,1
3698,Women's Wear Fugiat,2024,9,3,1,46429.0,46429.0,0.0,8711.49,2.0,0.0,0.0,104764.2,7899.96,5
3705,Women's Wear Incidunt,2024,2,1,4,275852.0,68963.0,0.0,30755.32,0.0,0.0,0.0,0.0,0.0,5
3706,Women's Wear Inventore,2023,11,4,2,72440.4,42612.0,15.0,11698.87,0.0,0.0,0.0,0.0,0.0,5
3706,Women's Wear Inventore,2024,8,3,5,79650.0,17700.0,10.0,8003.55,2.0,0.0,0.0,72440.4,11698.87,4
3716,Women's Wear Mollitia,2024,8,3,4,233160.0,58290.0,0.0,25126.57,0.0,0.0,0.0,0.0,0.0,1
3722,Women's Wear Odio,2024,1,1,3,24735.0,9700.0,15.0,5477.11,0.0,0.0,0.0,0.0,0.0,3
3724,Women's Wear Officiis,2023,12,4,1,63433.0,63433.0,0.0,15133.43,0.0,0.0,0.0,0.0,0.0,1
3724,Women's Wear Officiis,2024,2,1,1,32849.1,38646.0,15.0,3885.53,1.0,0.0,0.0,63433.0,15133.43,1
3725,Women's Wear Optio,2023,12,4,5,119215.0,23843.0,0.0,21029.48,0.0,0.0,0.0,0.0,0.0,5
3725,Women's Wear Optio,2025,7,3,5,8521.5,1794.0,5.0,1574.14,5.0,0.0,0.0,119215.0,21029.48,5
3732,Women's Wear Quasi,2024,10,4,5,218804.0,54701.0,20.0,15467.99,0.0,0.0,0.0,0.0,0.0,4
3734,Women's Wear Quia,2025,3,1,4,245187.6,72114.0,15.0,52690.56,0.0,0.0,0.0,0.0,0.0,1
3737,Women's Wear Ratione,2025,7,3,3,115357.5,42725.0,10.0,13828.58,0.0,0.0,0.0,0.0,0.0,5
3743,Women's Wear Sapiente,2024,9,3,1,43772.4,48636.0,10.0,5426.96,0.0,0.0,0.0,0.0,0.0,1
3745,Women's Wear Sint,2023,11,4,2,28976.0,14488.0,0.0,6402.08,0.0,0.0,0.0,0.0,0.0,4
3750,Women's Wear Tenetur,2023,10,4,1,1017.45,1071.0,5.0,146.99,0.0,0.0,0.0,0.0,0.0,1
3750,Women's Wear Tenetur,2024,3,1,1,32572.0,32572.0,0.0,7121.48,1.0,0.0,0.0,1017.45,146.99,1
3753,Women's Wear Vel,2024,6,2,5,230274.0,51172.0,10.0,17085.23,0.0,0.0,0.0,0.0,0.0,1
3755,Women's Wear Vitae,2025,3,1,1,30002.4,37503.0,20.0,6676.76,0.0,0.0,0.0,0.0,0.0,2
3761,Yoga Mat Accusamus,2024,4,2,3,163215.0,60450.0,10.0,30673.62,0.0,0.0,0.0,0.0,0.0,2
3763,Yoga Mat Aliquam,2024,7,3,2,41202.9,24237.0,15.0,9968.91,0.0,0.0,0.0,0.0,0.0,4
3764,Yoga Mat Aliquid,2024,2,1,3,5916.0,2465.0,20.0,1167.71,0.0,0.0,0.0,0.0,0.0,4
3764,Yoga Mat Aliquid,2024,12,4,4,162761.6,50863.0,20.0,36502.8,3.0,0.0,0.0,5916.0,1167.71,5
3768,Yoga Mat Autem,2023,10,4,2,123523.7,72661.0,15.0,13667.36,0.0,0.0,0.0,0.0,0.0,5
3770,Yoga Mat Consequuntur,2024,6,2,4,88540.8,27669.0,20.0,16698.92,0.0,0.0,0.0,0.0,0.0,2
3788,Yoga Mat Et,2023,11,4,2,128282.0,64141.0,0.0,19421.47,0.0,0.0,0.0,0.0,0.0,1
3799,Yoga Mat Ipsam,2024,12,4,2,35761.2,21036.0,15.0,4486.39,0.0,0.0,0.0,0.0,0.0,2
3799,Yoga Mat Ipsam,2025,8,3,2,129052.1,75913.0,15.0,30642.88,2.0,0.0,0.0,35761.2,4486.39,5
3813,Yoga Mat Perferendis,2024,6,2,3,138984.0,46328.0,0.0,13131.13,0.0,0.0,0.0,0.0,0.0,2
3814,Yoga Mat Praesentium,2025,2,1,2,77248.0,38624.0,0.0,12652.94,0.0,0.0,0.0,0.0,0.0,1
3817,Yoga Mat Quam,2023,10,4,4,14384.0,4495.0,20.0,2803.41,0.0,0.0,0.0,0.0,0.0,2
3818,Yoga Mat Quibusdam,2023,11,4,4,137860.0,34465.0,0.0,11233.59,0.0,0.0,0.0,0.0,0.0,5
3818,Yoga Mat Quibusdam,2024,2,1,5,9413.75,2215.0,15.0,563.21,4.0,0.0,0.0,137860.0,11233.59,3
3825,Yoga Mat Rerum,2024,2,1,4,160963.2,44712.0,10.0,22376.28,0.0,0.0,0.0,0.0,0.0,3
3825,Yoga Mat Rerum,2024,6,2,3,84283.2,35118.0,20.0,18661.31,4.0,0.0,0.0,160963.2,22376.28,1
3829,Yoga Mat Totam,2024,1,1,2,117485.3,69109.0,15.0,27954.82,0.0,0.0,0.0,0.0,0.0,2
3829,Yoga Mat Totam,2024,4,2,2,72241.5,42495.0,15.0,3997.8,2.0,0.0,0.0,117485.3,27954.82,3
3833,Yoga Mat Voluptate,2023,10,4,2,112651.0,59290.0,5.0,9073.89,0.0,0.0,0.0,0.0,0.0,5
3833,Yoga Mat Voluptate,2024,9,3,5,76783.75,16165.0,5.0,14622.8,2.0,0.0,0.0,112651.0,9073.89,3
