order_date,order_status,total_amount
2025-09-09T14:52:37.292731,processing,689.66
2025-04-15T01:18:27.193404,completed,1666.85
2025-04-27T15:37:48.008624,processing,665.06
2025-10-04T20:35:22.204857,cancelled,689.5
2024-11-13T08:15:18.498252,cancelled,860.5
2024-10-13T09:02:26.848944,completed,2258.34
2024-05-01T04:44:56.418188,returned,769.71
2024-03-03T23:33:22.844913,completed,15.21
2025-10-29T07:00:11.203638,cancelled,229.02
2024-08-13T07:04:24.298799,returned,107.63
2025-08-14T09:59:55.223975,shipped,1016.61
2025-08-27T09:57:48.992495,cancelled,600.23
2025-01-03T18:04:29.010457,processing,15.87
2025-06-15T22:26:58.985044,shipped,520.96
2024-07-16T18:07:56.184332,returned,1416.93
2025-10-01T07:52:15.796147,processing,127.42
2024-08-05T20:28:39.309665,processing,227.48
2024-11-10T21:40:57.180283,cancelled,601.16
2024-11-26T15:18:00.423573,returned,135.38
2024-07-13T06:57:25.769991,completed,398.84
2025-07-30T08:08:33.421591,completed,209.51
2024-08-28T22:17:59.087219,shipped,1072.94
2024-05-19T11:26:48.773841,returned,119.02
2025-06-20T17:10:48.147887,completed,803.47
2024-01-23T02:00:10.375804,shipped,521.99
2025-06-24T23:57:30.673090,shipped,54.13
2025-10-31T11:20:46.870987,returned,495.94
2024-01-09T07:28:10.638443,processing,334.14
2025-05-23T18:15:57.806458,shipped,950.63
2024-02-07T15:08:03.396213,shipped,265.14
2024-11-19T07:31:43.816286,cancelled,4942.06
2024-03-18T17:21:40.789857,returned,194.49
2024-05-29T17:27:31.175330,processing,2028.84
2025-10-23T14:39:53.536172,completed,366.56
2024-02-19T10:35:26.319332,processing,55.44
2024-05-14T21:27:14.167079,cancelled,858.97
2025-11-03T23:18:22.552762,completed,19.77
2025-06-30T05:15:33.265938,shipped,1797.9
2024-11-09T01:20:49.223031,shipped,2803.64
2025-11-03T21:23:24.064700,returned,82.61
2024-02-12T19:23:23.731212,processing,67.1
2025-05-05T12:29:18.506335,shipped,274.27
2024-06-05T17:15:52.359642,returned,351.45
2025-11-06T10:56:40.562956,shipped,158.28
2024-03-31T19:14:31.354492,shipped,124.94
2024-02-09T11:42:31.042546,processing,489.21
2024-04-13T23:26:42.620823,cancelled,852.12
2024-10-29T06:00:16.627700,returned,834.55
2024-06-06T06:24:36.744927,processing,217.17
2024-09-21T00:41:15.550669,processing,225.99
2025-03-24T09:25:52.188451,returned,49.59
2024-09-13T23:23:40.280154,processing,834.66
2024-06-18T14:09:39.579337,returned,593.67
2024-04-14T00:52:49.163833,cancelled,133.02
2024-10-07T17:26:47.586369,processing,188.7
2024-01-13T09:15:18.977408,cancelled,229.11
2024-04-08T22:25:04.246351,returned,18.64
2024-09-16T16:27:35.475362,shipped,31.39
2024-03-27T22:03:32.179396,processing,93.94
2025-05-18T12:26:50.081962,processing,24.35
2025-08-30T23:24:52.555376,processing,1058.07
2024-09-28T22:07:38.713420,shipped,1592
2024-02-24T19:27:27.788267,completed,1087.18
2025-09-07T08:53:29.710215,cancelled,1269.08
2025-08-10T14:12:56.631464,returned,1313.93
2025-02-24T21:30:03.711572,cancelled,1493.59
2024-04-06T15:52:23.904834,completed,197.83
2024-02-10T22:08:32.431325,completed,403.18
2025-03-22T23:03:28.498989,processing,2659.83
2024-08-28T20:23:05.791273,cancelled,2118.73
2025-05-26T23:44:41.739837,completed,222.12
2024-03-13T13:49:45.348773,shipped,586.48
2025-01-18T01:09:42.840753,returned,48.09
2024-10-10T10:10:23.025728,shipped,52.93
2025-04-14T15:40:35.089192,processing,420.44
2025-08-15T00:34:10.086751,completed,357.16
2024-12-31T15:25:19.808395,cancelled,1836
2025-03-31T20:24:31.152145,shipped,186.4
2025-06-21T13:36:12.193737,shipped,1266.95
2025-05-12T17:07:08.645210,completed,383.26
2024-04-19T23:38:20.300092,processing,777.99
2024-07-17T14:13:08.769714,completed,1206.21
2024-10-10T03:29:56.568315,processing,25.52
2025-05-29T01:07:55.910744,shipped,77.27
2024-12-10T13:32:48.943111,processing,661.52
2025-04-14T17:21:35.501991,processing,281.05
2025-10-07T21:05:06.628040,cancelled,168.44
2024-12-26T04:21:18.902963,cancelled,83.17
2025-06-15T16:01:43.601855,returned,751.36
2025-09-13T09:02:15.898009,cancelled,57.1
2024-01-23T19:27:57.908912,completed,1707.41
2025-11-05T21:48:45.912756,cancelled,253.86
2024-04-13T04:02:02.471458,completed,95.4
2025-05-02T01:53:35.294861,cancelled,14.99
2025-10-24T13:48:18.644697,processing,52.87
2024-07-28T13:12:40.750905,shipped,178.96
2024-11-29T11:23:36.772097,processing,100.3
2024-10-06T16:57:56.200074,cancelled,1435.2
2025-06-03T06:26:34.186138,completed,256.9
2025-01-27T04:41:33.881335,returned,1583.93
2024-08-02T03:02:37.609226,shipped,312.65
2024-08-12T10:45:05.387227,processing,544.65
2024-11-08T16:45:07.140379,cancelled,226.13
2025-01-23T05:17:17.549772,processing,459.63
2024-08-14T17:59:52.580136,shipped,164.91
2025-11-12T14:11:17.170135,returned,153.71
2024-09-11T20:08:42.840796,cancelled,91.42
2025-07-31T08:45:48.742449,cancelled,973.82
2025-03-22T00:18:41.952477,returned,103.67
2024-08-21T06:06:04.504958,returned,808.1
2024-01-09T18:41:50.198698,cancelled,126.05
2024-12-16T09:01:04.736779,shipped,1226.59
2024-11-30T03:52:58.423074,cancelled,71.4
2025-03-26T17:33:55.397021,completed,114.08
2024-11-28T12:07:51.468105,cancelled,183.95
2024-02-29T05:18:07.036596,processing,263.98
2024-11-13T00:43:01.827134,returned,22.38
2024-09-26T09:42:37.580130,processing,231.8
2025-06-25T12:56:53.237744,shipped,71.07
2024-10-23T06:33:46.384791,returned,354.29
2025-05-25T22:08:43.503048,shipped,74.93
2024-03-09T20:18:10.663939,processing,292.52
2025-03-24T22:46:09.391960,completed,132.13
2024-02-14T08:42:51.499314,completed,1541.87
2024-02-15T06:08:51.660616,cancelled,1423.47
2025-02-06T00:47:54.354461,processing,840.44
2024-07-20T12:02:32.633098,cancelled,321.85
2024-04-09T03:14:12.596676,shipped,39
2024-06-30T07:50:34.266928,processing,587.55
2024-03-02T06:21:44.789216,processing,390.56
2025-01-24T23:34:39.156863,cancelled,36.54
2024-08-07T01:26:55.956474,returned,183.58
2025-09-07T02:01:22.823858,returned,71.59
2024-09-04T21:21:09.765156,completed,35.22
2025-06-29T16:37:42.016474,shipped,359.64
2025-04-08T05:33:39.039346,cancelled,327.99
2024-01-14T15:42:32.407789,processing,192.38
2024-02-19T08:03:47.923743,cancelled,2154.33
2025-01-11T11:27:26.507808,cancelled,1245.6
2024-10-01T22:36:05.189053,cancelled,122.6
2025-08-23T20:54:22.804713,processing,515.89
2024-10-26T11:57:46.017726,cancelled,781.14
2024-09-26T05:12:38.790252,completed,1097.97
2024-01-20T03:08:16.917912,shipped,71.52
2024-01-23T13:20:49.368213,shipped,271.52
2024-12-16T10:45:18.613487,processing,654.76
2024-07-22T18:51:23.876499,shipped,1854.44
2025-10-04T12:24:51.517612,returned,675.09
2025-06-06T02:24:19.314449,completed,373.82
2024-10-06T06:51:42.875460,cancelled,266.04
2025-01-27T10:09:36.512884,processing,324.71
2024-02-26T06:41:04.140492,returned,1129.34
2025-11-12T10:19:18.301029,shipped,186.2
2025-07-06T18:48:05.026992,returned,26.49
2025-02-25T08:23:55.141299,completed,142.27
2024-07-08T17:17:05.311796,returned,32.48
2025-05-23T08:51:50.228831,returned,698.45
2025-10-25T14:07:57.652615,shipped,404.45
2024-04-29T17:41:32.861189,shipped,387.23
2024-04-18T06:28:43.675708,shipped,105.34
2025-01-14T02:24:04.527330,processing,351.66
2025-10-16T06:33:38.458007,completed,4995.83
2024-03-05T12:12:11.387921,shipped,443.54
2025-02-19T00:05:44.804192,returned,415.45
2025-05-20T10:23:25.924977,cancelled,1109.33
2024-08-30T07:55:27.386072,completed,184.12
2024-11-26T03:59:17.276753,cancelled,96.97
2024-11-27T13:40:23.549677,returned,49.91
2025-01-01T16:06:01.864817,cancelled,462.02
2025-03-25T16:57:46.064286,returned,811.41
2024-02-03T11:25:21.289237,returned,31.72
2025-01-30T16:25:47.074161,cancelled,150.83
2024-11-30T19:38:25.876851,returned,906.18
2025-07-04T11:36:47.946142,cancelled,1043.9
2024-03-12T12:29:05.206064,processing,694.46
2024-01-23T00:47:25.781580,completed,566.87
2024-01-18T21:25:02.047575,completed,675.6
2025-02-14T21:03:52.685555,returned,215.91
2025-06-06T18:53:08.016329,shipped,781.28
2024-07-28T09:42:37.538184,returned,802.3
2024-06-19T01:56:31.373731,completed,38.58
2024-02-11T07:01:39.948315,processing,246.7
2024-09-18T06:38:11.099963,cancelled,372.58
2024-02-19T16:26:39.497201,shipped,125.02
2025-02-22T14:49:09.887674,cancelled,394.93
2025-09-14T07:45:42.311675,completed,29.41
2024-11-02T16:50:08.643813,processing,534.92
2024-10-31T21:12:12.666763,returned,52.77
2025-01-14T13:17:03.543675,processing,1184.86
2024-04-28T11:06:24.820649,completed,333.28
2024-03-07T15:48:49.209247,cancelled,1345.24
2024-07-15T20:29:49.490699,shipped,173.94
2024-11-25T02:18:55.690334,processing,1248.13
2025-08-02T13:02:52.165999,returned,26.54
2024-06-11T01:39:22.570775,shipped,567.18
2025-04-27T10:05:33.806571,returned,35.46
2024-09-26T19:01:30.040816,shipped,26.54
2025-07-07T17:14:24.313252,cancelled,409.49
2024-03-01T05:40:35.821381,processing,897.79
2025-04-09T04:47:34.122239,returned,26.74
2025-02-05T07:56:31.857096,cancelled,72.87
2024-10-12T22:49:38.308901,cancelled,80.56
2024-10-05T14:45:09.753855,processing,232.98
2025-05-11T07:07:02.676475,completed,3590.85
2024-10-21T09:55:15.996590,shipped,98.6
2024-11-21T01:44:30.657890,processing,4116.65
2024-03-13T00:52:11.090716,shipped,173.81
2024-09-01T08:23:10.544898,shipped,119.52
2025-08-28T23:34:00.054556,completed,345.35
2024-11-18T06:29:19.876357,processing,881.99
2025-10-24T15:19:59.322880,processing,124.95
2025-10-23T01:27:57.896543,returned,504.42
2024-11-10T05:29:11.524973,returned,1205.79
2025-01-19T10:28:14.776089,completed,156.98
2024-04-07T01:54:57.230840,shipped,430.41
2024-03-23T19:57:57.345818,processing,195.45
2024-12-30T20:16:37.195770,returned,1459.03
2025-07-01T09:45:16.185449,cancelled,191.54
2025-10-15T16:31:30.670581,processing,1826.06
2024-11-28T01:25:41.438159,returned,5220.21
2025-01-09T20:02:41.115625,returned,1221.05
2024-08-11T14:58:40.263606,completed,119.3
2024-08-03T01:38:57.007488,completed,151.5
2025-11-09T03:05:36.297999,completed,160.9
2024-02-28T05:02:17.956970,completed,20.93
2025-04-07T09:43:47.540350,returned,428.1
2024-02-02T17:11:34.227801,cancelled,119.12
2024-04-25T09:38:32.133515,shipped,132.71
2025-09-28T17:05:31.553800,processing,96.44
2024-06-17T05:45:15.131192,shipped,73.31
2025-04-27T07:05:27.772856,returned,369.79
2024-11-18T22:51:17.004174,processing,120.02
2025-09-14T01:57:57.439020,cancelled,370.71
2024-12-22T03:21:09.469972,returned,122.01
2024-12-29T00:52:39.942264,returned,38.82
2024-03-19T13:36:09.745666,processing,5.35
2024-12-14T18:24:54.988580,cancelled,923.63
2024-03-01T00:28:55.388572,completed,17.65
2025-10-10T06:34:49.340977,completed,74.06
2024-05-31T13:33:38.381596,completed,1145.95
2025-09-01T01:33:51.177241,processing,226.31
2024-04-20T09:31:55.115983,completed,446.69
2024-05-26T06:32:52.162739,processing,62.47
2025-02-26T16:05:54.896086,processing,183.45
2025-11-14T03:22:47.724560,processing,92.24
2024-05-18T17:11:20.747873,shipped,89.14
2024-03-09T18:55:55.012291,processing,533.01
2024-12-01T17:11:52.066476,processing,350.41
2025-06-21T14:34:28.933948,completed,346.41
2025-07-11T05:17:39.487605,cancelled,320.01
2025-11-02T06:27:11.744208,cancelled,1766.22
2024-08-25T04:23:39.681734,processing,1073.36
2024-10-15T08:56:19.568107,cancelled,725.28
2024-09-17T06:59:27.298982,returned,266.98
2024-05-22T12:28:39.561345,shipped,1042
2024-06-24T09:55:24.882341,returned,360.78
2025-04-28T04:17:54.496151,cancelled,396.9
2025-01-25T22:52:15.042976,processing,759.4
2025-09-26T08:09:09.263458,returned,134.2
2024-06-20T01:10:06.757346,processing,83.16
2025-04-25T16:35:37.006186,completed,1144.05
2024-05-20T10:32:03.780732,completed,538.63
2024-10-12T17:40:35.371888,completed,20.77
2024-11-06T06:18:56.798876,returned,1988.26
2024-04-25T16:31:19.603179,shipped,43.46
2024-03-10T16:51:05.690910,completed,272.57
2024-05-18T05:17:19.348324,cancelled,509.86
2025-08-08T19:26:22.924841,returned,82
2024-09-27T08:51:53.315951,shipped,205.38
2024-02-12T06:57:55.927523,returned,846.61
2024-06-02T05:34:54.842962,shipped,357.98
2024-05-04T17:33:24.226993,completed,3930.26
2025-03-04T11:21:54.409457,completed,163.08
2024-05-26T21:25:33.666370,shipped,465.6
2025-02-15T08:45:26.898004,returned,79.34
2024-12-03T18:58:17.341790,cancelled,920.84
2024-04-27T23:42:33.172616,shipped,782.18
2025-02-08T11:16:57.434534,cancelled,2295.05
2024-01-01T11:30:33.797627,returned,2210.19
2025-09-28T04:56:19.759000,returned,21.18
2024-06-19T14:32:04.635734,returned,1032.53
2025-03-30T09:02:10.384661,returned,2094.36
2025-10-14T20:06:42.088161,shipped,390.19
2025-08-31T05:39:54.962571,cancelled,2650.12
2025-01-23T03:08:27.581446,completed,258.51
2025-01-09T21:37:15.203316,cancelled,1831.44
2024-06-11T22:58:04.856345,completed,67.27
2024-05-14T05:08:00.353858,cancelled,215.49
2024-02-15T06:42:03.043626,returned,3917.14
2024-02-24T05:23:57.163118,returned,199.8
2024-02-03T20:54:23.936079,shipped,778.39
2025-02-18T10:35:31.322790,processing,581.24
2024-10-17T10:10:52.434241,cancelled,252.47
2024-04-16T08:03:28.625664,cancelled,827.12
2025-09-01T13:59:40.941656,cancelled,2337.85
2025-04-04T21:00:50.021567,processing,200.12
2025-05-27T19:00:24.969888,returned,1615.94
2024-02-28T07:20:10.886509,completed,346.68
2025-02-01T00:23:58.571868,shipped,101.71
2025-04-15T23:27:29.482907,completed,23.54
2025-08-31T22:26:07.857547,shipped,1522.12
2025-10-08T21:51:41.346843,cancelled,394.71
2025-01-13T20:19:13.966413,returned,173.9
2024-03-14T23:07:55.164854,cancelled,445.99
2025-10-05T08:48:29.964495,returned,292.26
2025-06-24T10:05:15.231238,shipped,756.87
2025-06-02T21:36:23.060003,shipped,2204.17
2024-10-03T05:35:54.061157,completed,3.57
2024-11-29T09:22:23.141336,processing,837.81
2024-07-24T16:29:18.877618,returned,242.47
2025-03-10T20:59:51.111467,returned,1175.69
2024-03-16T18:58:47.120510,shipped,1113.78
2024-07-04T06:55:05.894885,completed,313.65
2025-02-19T10:11:14.823627,completed,54.83
2024-08-22T05:28:13.210013,shipped,633.59
2025-03-02T13:48:49.062649,completed,2460.43
2025-08-05T18:32:10.733488,cancelled,42.36
2024-11-09T14:10:49.490772,processing,180.25
2025-08-08T18:30:15.481970,processing,366.84
2024-05-31T06:17:45.957767,completed,438.46
2024-05-22T03:29:56.062081,completed,160.19
2024-10-31T16:29:35.497031,shipped,133.04
2025-04-09T18:25:16.792391,processing,917.02
2025-01-10T20:02:34.325192,returned,104.55
2024-05-29T15:33:18.961576,completed,9.1
2024-04-22T21:05:27.238155,shipped,543.39
2024-10-04T15:23:39.002397,cancelled,113.45
2025-01-12T00:01:34.470736,returned,45.67
2024-10-01T23:38:56.448820,cancelled,1594.59
2024-03-24T02:49:15.159121,completed,145.17
2025-01-28T15:37:38.396076,returned,238.04
2025-09-09T14:35:48.520681,completed,271.18
2024-07-11T03:42:52.991540,cancelled,65
2024-03-21T11:32:18.478262,completed,119.1
2024-02-13T17:41:53.871575,cancelled,177.48
2024-09-23T02:45:03.314975,cancelled,243.35
2025-06-21T12:12:19.724351,returned,264.65
2024-01-07T13:51:40.563450,completed,377.51
2025-08-05T08:37:58.086145,shipped,26.76
2025-01-02T15:57:18.702432,returned,369.28
2024-05-02T20:46:47.163322,shipped,1539.96
2025-04-30T02:11:30.564543,completed,1656.18
2024-04-25T05:13:32.127810,shipped,25.58
2024-09-28T02:43:29.591246,processing,142.17
2024-10-15T22:45:22.972219,completed,638.51
2025-09-04T19:22:33.197442,processing,741.03
2024-11-19T03:10:25.425082,returned,131.88
2024-08-14T17:18:39.588645,shipped,629.79
2024-08-07T15:07:23.955486,returned,1242.87
2024-12-11T05:26:31.985511,completed,73.64
2025-06-21T02:18:23.779078,processing,121.87
2025-02-05T03:54:37.373220,returned,237.79
2024-10-09T02:34:42.057133,returned,373.43
2024-01-02T21:00:49.687043,completed,97.47
2025-06-20T06:12:16.415719,cancelled,31.43
2025-05-19T22:37:33.823550,cancelled,1407.61
2024-05-20T13:20:41.302382,cancelled,1315.5
2024-10-24T09:03:50.549214,shipped,702.9
2025-10-04T06:48:59.960758,shipped,45.07
2024-06-21T08:25:40.012560,returned,382.77
2024-05-28T21:31:23.214461,completed,654.1
2025-06-06T17:42:40.285958,cancelled,1932.49
2025-10-27T21:44:04.594728,processing,39.34
2025-05-14T20:52:44.619037,returned,30.66
2024-04-24T03:17:00.995773,processing,1714.38
2024-05-11T22:24:57.358364,completed,125.92
2025-02-08T21:08:23.557865,returned,192.22
2025-02-18T19:25:55.164696,shipped,680.04
2025-09-28T10:36:06.047478,returned,338.49
2024-03-04T18:29:11.879254,processing,3716.4
2025-07-28T08:15:31.422065,completed,387.71
2024-09-09T14:23:20.602418,shipped,58.53
2025-08-30T21:20:12.271067,processing,1774.66
2025-11-06T18:01:11.505564,completed,1896.22
2025-08-11T01:52:08.926123,returned,65.31
2024-12-02T10:22:33.021038,shipped,758.64
2024-02-26T08:30:54.294365,processing,99.68
2025-10-13T16:36:45.811309,cancelled,178.31
2024-04-11T03:46:05.725585,processing,407.14
2024-10-09T03:37:02.129568,completed,2688.09
2024-09-15T00:36:35.767869,returned,1440.77
2025-02-24T08:06:28.117583,cancelled,240.66
2024-09-25T04:00:33.961485,returned,1333.52
2024-07-11T18:27:09.827520,processing,35.56
2024-09-17T18:14:30.055090,cancelled,369.96
2024-05-02T23:16:04.653852,cancelled,323.14
2025-07-11T10:57:07.742990,completed,742.73
2024-08-21T01:00:14.172895,processing,282.68
2024-10-14T03:14:15.049096,completed,1907.1
2025-07-17T13:46:24.940215,completed,5.35
2024-03-17T07:16:43.138308,returned,1145.97
2025-02-19T05:54:55.197373,cancelled,361.37
2024-12-09T09:01:19.976363,processing,1043.24
2025-10-04T11:14:50.682527,processing,637.38
2024-01-25T01:02:26.467538,processing,1508.35
2025-07-14T22:16:05.318377,returned,1706.08
2024-12-02T21:29:38.947690,processing,893.72
2025-06-14T17:33:15.883847,completed,415.95
2025-09-24T13:47:17.252333,returned,894.8
2025-05-20T06:21:50.650438,completed,186.14
2024-02-09T08:28:56.266895,returned,72.72
2024-06-08T01:00:51.772375,completed,39.02
2025-03-25T15:36:41.142378,completed,271.98
2024-05-22T05:42:05.854872,cancelled,446.24
2025-10-03T23:01:11.870262,processing,7.85
2024-02-22T16:49:14.344926,returned,338.15
2024-01-18T06:35:59.389964,shipped,167.07
2024-09-18T23:13:46.782518,processing,610.25
2025-04-23T12:43:27.117676,processing,747.66
2024-05-15T21:23:42.755250,cancelled,1842.85
2025-10-10T17:53:20.855628,processing,108.26
2024-11-26T23:01:05.548023,completed,2799.7
2025-03-25T14:50:35.435719,returned,100.66
2025-10-23T13:44:10.453275,cancelled,120.4
2024-12-30T13:41:48.415715,shipped,1993.95
2024-04-08T10:07:56.438256,returned,831.31
2025-06-04T13:20:16.889972,cancelled,1649.19
2025-09-06T02:25:49.109039,completed,2660.31
2025-08-10T17:03:14.715204,completed,1612.52
2024-05-02T22:30:30.001504,cancelled,260.59
2025-06-09T11:25:02.905810,completed,149.76
2025-01-22T01:53:37.950685,completed,279.09
2025-10-23T23:42:26.425387,shipped,4528.73
2025-08-21T09:06:22.721845,returned,2604.78
2025-10-23T21:33:51.781336,completed,891.49
2025-04-01T14:06:20.431900,cancelled,76.86
2024-12-31T12:41:56.861954,completed,146.97
2024-07-02T21:28:21.432489,processing,654.96
2024-02-05T04:35:49.423105,processing,197.07
2024-01-04T03:13:51.514016,returned,104.88
2024-04-01T18:50:34.246898,returned,95.08
2024-09-03T09:44:34.771466,shipped,214.16
2024-01-22T12:25:25.855400,processing,166.64
2024-07-01T15:06:48.221626,processing,771.15
2024-05-11T10:10:59.311190,processing,882.32
2024-07-14T09:07:17.312473,processing,97.78
2024-07-04T17:10:19.513443,shipped,397.65
2025-07-15T03:15:54.380417,shipped,152.43
2025-03-19T18:33:24.720856,returned,71.91
2024-12-10T17:26:12.518856,processing,314.97
2025-05-13T00:51:23.833566,returned,765.03
2025-09-28T01:45:55.977677,processing,353.95
2024-03-28T17:17:24.503736,completed,105.24
2025-10-05T05:51:43.267331,processing,76.91
2024-09-28T21:19:05.885130,cancelled,119.88
2024-05-27T06:17:23.195862,shipped,2845.08
2025-04-29T04:29:54.781882,cancelled,179.27
2025-10-30T01:41:16.986845,processing,658.01
2024-11-11T09:03:28.566803,completed,1507.35
2025-06-06T04:18:30.963209,cancelled,698.06
2025-09-16T08:39:03.292776,shipped,238.47
2025-01-03T12:59:13.628855,shipped,569.37
2024-01-15T07:23:44.033624,returned,570.1
2025-08-02T00:20:36.373199,processing,697.5
2024-04-24T21:26:29.331992,completed,460.66
2025-11-14T18:05:38.832864,shipped,131.77
2025-08-21T05:52:57.826311,returned,372.04
2025-02-25T01:24:05.347714,returned,79.08
2025-06-17T08:42:41.158566,processing,120.32
2024-10-05T23:41:48.250380,completed,74.41
2024-09-27T08:51:53.523468,returned,545.8
2024-09-16T06:38:56.405870,cancelled,250.41
2024-03-18T11:50:49.844820,cancelled,85.29
2025-03-02T05:52:25.138446,completed,1235.7
2025-11-09T03:00:18.723555,processing,930.12
2025-06-16T06:30:27.848507,completed,307.18
2025-04-19T09:04:36.604436,completed,463.05
2024-10-28T22:45:57.219460,completed,562.76
2024-04-25T16:37:46.023693,cancelled,369.8
2024-05-30T00:06:59.870889,completed,1602.7
2024-04-23T00:00:00.581791,processing,141.68
2024-05-29T19:22:03.308949,returned,63.33
2024-12-30T02:49:55.129606,cancelled,195.79
2024-11-03T19:22:41.268668,cancelled,70.28
2024-11-02T05:18:49.933324,completed,1290.86
2025-10-21T14:04:02.986498,returned,115.24
2025-11-12T05:41:09.409046,shipped,148.16
2025-02-07T04:59:55.183023,processing,461.02
2025-03-01T05:40:23.575976,cancelled,953.03
2024-02-08T20:39:46.631149,cancelled,968.67
2024-12-21T00:22:51.747513,returned,139.45
2024-02-15T09:02:05.598778,cancelled,257.01
2024-04-10T22:14:34.656197,processing,86.86
2024-09-05T19:16:25.729823,returned,177.78
2024-08-12T17:37:47.547704,completed,45.1
2025-08-15T21:12:54.527274,cancelled,11.71
2024-11-07T07:18:41.909753,cancelled,326.89
2025-01-24T15:53:18.129438,returned,747.8
2025-10-11T23:59:20.623967,shipped,3584.82
2024-09-04T18:04:04.428554,cancelled,453.27
2025-04-03T09:15:31.305625,shipped,757.22
2024-02-15T08:01:17.944361,shipped,339.91
2024-09-22T13:16:34.716679,completed,918.96
2024-07-17T21:37:31.637234,cancelled,84.48
2025-03-12T22:39:10.886550,cancelled,849.35
2025-05-10T12:33:11.776331,completed,30.32
2025-01-04T03:15:14.419286,cancelled,780.81
2024-12-29T03:17:14.091089,returned,4068.17
2024-01-17T14:33:26.964251,cancelled,101.29
2025-02-15T05:51:20.476007,returned,514.21
2024-02-05T14:06:49.567656,cancelled,569.34
2025-06-26T18:26:51.708688,cancelled,130.31
2024-01-21T20:11:11.886899,processing,192.81
2025-03-08T15:09:22.167201,shipped,241.87
2025-04-29T01:38:25.001333,shipped,22.62
2025-05-26T15:53:51.488813,completed,119.4
2024-08-11T02:48:14.390638,shipped,878.41
2024-05-05T22:20:04.107708,shipped,842.39
2024-04-08T14:09:41.275107,shipped,705.58
2024-03-05T08:08:13.073154,completed,1842
2025-02-27T12:20:54.189804,returned,3150.71
2025-09-04T17:11:28.638172,cancelled,177.88
2024-05-12T23:16:58.187118,processing,26.88
2025-01-16T07:34:46.858873,cancelled,302.68
2024-03-08T13:35:55.374768,processing,250.41
2024-01-08T03:55:58.533650,processing,119.52
2024-04-25T02:02:19.128345,shipped,1471.73
2024-01-17T14:09:32.294773,shipped,160.06
2024-08-23T20:20:30.916232,shipped,375.71
2024-12-22T22:34:41.859652,shipped,1416.85
2024-12-20T10:29:07.977939,returned,1725.95
2025-06-22T01:32:34.162713,completed,427.74
2025-05-24T16:40:43.901075,processing,305.12
2024-06-05T00:51:17.206503,shipped,623.56
2025-02-16T02:03:25.466987,shipped,97.68
2025-01-12T18:50:40.373331,cancelled,53.57
2024-09-07T10:28:45.630526,completed,149.76
2024-06-27T17:06:43.409847,completed,2656.92
2024-10-21T06:04:11.947578,shipped,288.28
2024-12-20T01:52:42.430320,returned,833.56
2024-05-02T22:55:10.156418,cancelled,611.3
2025-09-24T13:06:16.466590,returned,189.37
2025-10-01T18:21:53.132758,completed,694.93
2024-02-25T01:57:45.000677,completed,585
2024-11-03T15:55:08.663500,cancelled,92.72
2025-02-16T08:59:21.825562,cancelled,428.55
2024-12-12T20:52:12.913967,completed,36.92
2024-04-16T20:12:55.800361,returned,164.31
2024-08-21T19:18:41.847552,completed,420.25
2024-01-31T07:19:17.687551,completed,391.67
2024-11-11T22:56:43.103526,processing,917.26
2025-09-29T12:25:30.094724,shipped,24.1
2024-04-24T18:13:24.939968,cancelled,570.67
2025-04-01T09:43:27.593082,returned,1312.75
2025-06-09T12:45:05.866054,shipped,103.9
2025-10-27T13:44:10.133171,cancelled,1833.62
2024-12-30T20:00:29.495090,returned,269.19
2024-08-02T05:30:38.509159,returned,1501.13
2025-08-10T11:16:16.992697,cancelled,31.94
2024-05-31T20:13:31.485533,shipped,324.82
2024-11-18T04:03:27.410377,returned,1131.3
2024-07-02T01:48:14.622741,returned,64.95
2024-03-22T08:24:23.056555,completed,475.8
2025-08-02T08:35:45.437063,shipped,498.14
2025-05-09T12:08:45.767535,processing,334.94
2025-08-06T10:21:59.458327,processing,2635.13
2024-11-12T08:34:17.793182,cancelled,1097.64
2025-03-18T09:26:04.989272,processing,2426.82
2024-08-13T07:45:41.629428,cancelled,230.32
2025-07-04T13:04:21.032406,shipped,425.58
2024-10-13T05:51:09.704647,shipped,2.48
2025-10-08T11:53:43.932134,cancelled,288.04
2024-09-09T12:38:03.082421,processing,562.78
2025-04-29T06:09:15.042394,processing,3382.41
2025-05-03T18:31:37.079559,returned,1658.65
2025-08-31T18:10:47.291355,cancelled,2117.96
2024-06-17T01:12:38.121548,cancelled,198.15
2024-01-26T13:32:10.437408,processing,600.26
2024-02-01T12:11:28.069693,completed,141.53
2025-03-30T08:26:22.148506,processing,926.42
2024-12-12T05:33:46.692897,cancelled,498.36
2024-07-12T07:07:21.970355,processing,9.74
2024-01-20T09:07:48.963246,processing,646.8
2024-04-19T02:28:42.595102,cancelled,171.81
2025-01-05T00:31:13.341464,shipped,161.07
2025-08-22T09:45:32.980249,cancelled,2.75
2024-05-24T04:39:04.717260,cancelled,232.89
2024-08-05T04:45:43.151919,shipped,148.86
2025-10-31T07:36:35.225798,processing,308.41
2024-10-29T16:43:21.272941,shipped,130.05
2024-08-03T23:59:53.794131,processing,1040.96
2024-08-31T20:41:19.502096,completed,115.63
2025-03-05T11:36:39.179394,shipped,22.53
2024-03-31T00:16:53.468176,completed,1006.86
2025-06-13T13:29:42.727622,returned,1597.2
2025-08-27T16:19:58.476858,cancelled,850.1
2024-10-01T16:24:49.231970,cancelled,352.97
2025-04-02T08:00:06.715050,returned,4251.38
2025-01-08T08:54:25.953517,shipped,275.91
2024-04-15T00:09:08.275045,cancelled,1792.76
2025-05-13T17:38:24.914926,completed,3154.41
2025-07-16T14:09:21.861414,processing,1140.2
2024-09-04T05:13:56.700220,processing,110.71
2024-04-20T15:20:07.439376,processing,1957.91
2024-01-14T02:09:59.893726,returned,913.33
2024-02-28T10:05:25.219785,processing,1013.96
2024-01-16T04:57:10.088844,cancelled,449.68
2024-12-09T09:02:49.041484,completed,783.71
2024-01-24T17:46:52.418833,completed,1599.98
2025-06-04T12:47:33.979020,shipped,362.24
2024-09-28T22:00:33.262831,processing,662.92
2024-10-03T11:12:01.133667,processing,112.6
2025-06-06T07:57:50.073460,cancelled,235.08
2024-06-21T18:46:57.705881,completed,244.44
2025-04-21T17:57:56.824345,cancelled,608.27
2024-05-20T17:42:32.376773,returned,260.01
2025-03-26T15:45:44.564294,cancelled,531.53
2024-07-07T02:19:13.050505,returned,127.2
2025-04-02T02:28:07.189759,shipped,67.51
2024-01-25T22:19:10.775588,completed,696.07
2024-03-29T18:54:13.934325,returned,290.14
2024-04-10T15:15:20.604287,completed,1431.75
2025-08-21T16:04:39.866413,shipped,56.08
2024-07-13T13:43:17.112924,completed,1129.23
2025-06-30T07:31:40.380289,shipped,83.51
2024-03-27T05:39:59.677756,shipped,281.73
2024-11-27T08:31:51.374597,returned,332.94
2025-01-07T23:56:05.699089,completed,103.22
2024-01-24T22:09:12.413691,processing,21.15
2024-07-12T11:45:10.602063,processing,1576.92
2024-10-18T01:19:43.418035,returned,2294.56
2025-09-03T23:31:41.783562,processing,92.99
2025-03-30T13:22:25.108795,returned,1892.21
2024-08-16T08:12:39.621793,processing,309.24
2025-09-15T16:51:02.165679,processing,43.7
2025-01-05T14:28:39.336123,processing,3555.56
2025-09-03T18:05:58.334784,shipped,506.79
2024-03-10T07:13:56.658340,cancelled,782.61
2025-08-12T00:37:50.095570,returned,278.38
2024-07-21T22:47:56.581059,shipped,600.89
2024-09-28T10:15:06.239737,shipped,20.54
2024-09-18T09:48:12.859327,processing,3031.33
2024-06-30T14:18:21.970375,shipped,8.99
2025-05-01T20:05:35.415743,shipped,578.55
2024-05-12T03:27:03.109392,cancelled,133.58
2024-07-30T18:42:21.578822,completed,531.42
2025-09-27T16:56:57.278568,cancelled,218.32
2024-09-09T18:11:49.214077,processing,722.97
2024-06-20T20:56:12.916547,completed,221.04
2024-08-09T08:26:44.573129,returned,664.55
2024-06-23T11:43:28.183709,processing,52.53
2025-04-27T20:47:56.285199,returned,316.38
2025-11-14T10:38:10.959608,completed,1177.5
2024-02-26T01:58:24.552542,processing,64.12
2025-06-30T21:32:03.712691,returned,14.99
2025-06-19T11:48:39.478051,processing,649.96
2024-09-09T15:46:00.145468,returned,1149.67
2024-07-28T14:30:27.866257,returned,279.09
2024-05-07T17:57:45.624707,returned,2210.73
2024-04-06T18:44:24.315443,cancelled,43.39
2024-03-18T07:49:35.489237,cancelled,813.64
2025-08-08T00:42:42.765931,returned,29.9
2024-04-07T10:38:13.408761,processing,274.2
2024-07-29T17:05:19.666961,returned,39
2025-01-12T10:34:22.443164,returned,141.72
2025-08-26T13:37:30.903300,completed,306.66
2024-05-17T13:33:14.594421,cancelled,491.06
2025-09-01T09:35:27.679080,cancelled,492.64
2025-01-22T09:46:38.011552,completed,634.95
2025-03-21T00:27:40.151801,returned,407.66
2024-09-12T07:06:01.943183,processing,208.75
2024-02-11T06:34:13.121498,completed,117.72
2024-03-02T23:05:45.678622,returned,1636.01
2024-11-16T20:43:21.760696,returned,434.97
2024-03-25T06:14:28.828633,completed,25.73
2024-10-23T01:58:23.491848,processing,29.94
2024-04-06T18:59:15.707602,shipped,158.03
2024-09-27T23:20:36.889966,cancelled,1554.14
2024-08-03T03:25:52.934473,returned,3395.7
2025-05-13T03:33:23.243119,completed,133.67
2025-02-17T01:42:35.132647,completed,77.84
2024-12-07T18:23:44.567767,completed,1656.88
2025-10-11T17:15:14.694136,processing,496.36
2025-05-17T11:46:10.437369,shipped,3296.56
2025-01-14T01:12:36.899731,shipped,3007.35
2024-11-22T09:54:38.799029,returned,358.32
2025-05-18T11:14:36.936256,returned,651.99
2025-03-21T22:56:05.944267,completed,829.8
2024-08-27T21:28:01.576215,cancelled,377.71
2024-09-03T09:26:01.460372,shipped,82.69
2024-01-07T04:20:48.675177,cancelled,725.63
2024-07-08T01:30:31.344665,shipped,24.37
2025-09-02T00:10:21.758322,returned,1217.83
2025-02-12T00:22:25.072277,processing,70.44
2025-08-17T14:17:47.277060,completed,764.69
2024-09-16T09:19:56.826402,returned,951.8
2024-10-22T18:21:45.083377,completed,1203.46
2025-02-21T21:51:51.069243,returned,369.77
2024-01-27T07:37:47.794974,completed,29.53
2025-10-28T13:11:13.917605,shipped,1052
2024-07-28T12:28:19.233315,cancelled,1262.1
2024-01-04T11:48:01.828244,shipped,19.55
2024-09-17T08:22:23.370993,cancelled,1211.15
2024-09-14T16:16:41.070236,cancelled,9.98
2024-05-05T10:17:43.472838,cancelled,69.46
2024-06-19T16:51:03.915440,returned,33
2025-10-08T23:56:18.132066,cancelled,205.58
2024-03-27T12:50:06.809827,shipped,644.03
2025-05-18T04:04:10.116927,shipped,261.9
2024-11-04T11:48:29.006722,processing,200.12
2024-03-18T11:05:44.037626,shipped,199.98
2024-03-21T11:46:59.087051,completed,2389.58
2025-05-10T11:23:32.251855,cancelled,68
2024-05-11T21:22:49.506301,cancelled,128.44
2025-02-16T18:33:17.155295,cancelled,160
2024-02-21T02:34:17.464071,processing,329.14
2025-08-28T00:40:58.096403,completed,87.46
2025-05-27T08:30:27.836536,cancelled,64.23
2024-11-01T23:15:59.826256,processing,851.87
2025-03-05T01:14:19.662214,completed,2415.68
2025-10-01T12:39:54.792429,shipped,286.31
2025-09-09T04:06:42.387600,completed,54.01
2025-09-19T10:29:05.945539,processing,761.04
2025-05-02T07:24:39.070906,processing,81.52
2025-05-23T14:48:59.396702,processing,1354.3
2025-09-02T19:14:05.620306,cancelled,111.52
2024-01-03T15:29:17.301296,returned,95.81
2025-02-21T15:52:20.125041,returned,228.19
2025-02-19T20:13:01.911017,shipped,273.71
2025-03-05T08:59:02.769718,returned,5.84
2024-03-24T22:51:36.569547,cancelled,83.14
2025-01-05T00:47:38.858834,completed,118.8
2025-08-25T06:44:14.710119,completed,58.15
2024-10-18T22:36:04.392360,cancelled,126.87
2024-01-25T21:47:26.524191,shipped,24.2
2025-05-05T23:04:55.778963,returned,455.43
2025-02-09T18:45:04.674056,processing,76.59
2024-07-26T22:16:08.525455,shipped,63.44
2024-02-26T13:10:16.922222,cancelled,56.21
2025-01-22T05:55:47.400176,shipped,26.06
2025-07-09T09:35:09.637833,cancelled,3394.24
2024-05-17T20:33:53.571326,completed,2840.22
2024-12-23T20:29:10.773099,completed,322.3
2025-08-15T19:25:49.109536,returned,412.67
2024-04-01T19:27:53.133307,processing,68.12
2025-11-14T18:01:41.213764,cancelled,99.26
2025-04-10T16:58:58.875798,cancelled,126.93
2024-02-07T08:45:20.384012,completed,198
2024-04-06T04:10:32.176322,completed,72.45
2024-03-08T04:02:07.692744,processing,223.52
2025-05-03T12:50:35.240803,processing,54.16
2025-10-03T13:57:01.794603,shipped,680.24
2024-01-15T06:48:08.193817,cancelled,351.35
2024-11-10T10:56:25.095985,cancelled,6975.66
2025-09-10T00:57:49.177499,completed,400.74
2025-07-17T22:19:55.487266,shipped,495.76
2024-12-25T08:39:39.873099,returned,612.23
2025-07-10T10:54:36.124020,processing,833.8
2024-05-28T21:11:42.291069,returned,2862.02
2024-03-02T01:54:26.433980,completed,433.49
2025-04-20T01:26:13.641998,completed,106.99
2025-11-04T15:27:30.237257,cancelled,1946.03
2024-05-30T00:22:03.073842,processing,289.68
2024-11-10T18:26:09.288054,completed,376.65
2024-07-15T05:25:15.445098,processing,168.05
2025-04-05T12:27:46.939485,completed,410.06
2025-11-07T13:02:53.765350,cancelled,562.07
2024-12-04T17:53:17.841939,shipped,266.88
2025-05-23T09:58:20.539618,returned,640.88
2024-01-02T18:32:37.172650,processing,1326.43
2025-08-13T12:44:06.449034,returned,207.98
2025-04-29T23:48:25.707323,completed,535.01
2025-10-13T19:13:45.623395,completed,46.59
2024-11-23T20:29:58.192787,completed,941.03
2024-11-09T14:55:19.780150,cancelled,232.61
2024-05-13T12:47:50.977875,completed,509.48
2025-04-04T09:33:49.546245,processing,140.86
2024-08-07T21:43:22.642972,cancelled,45.55
2025-09-17T11:55:48.019748,returned,67.44
2024-10-08T01:22:48.768412,completed,10.62
2024-09-10T20:56:33.593392,returned,530.56
2024-02-07T10:24:29.659546,completed,418.37
2025-09-08T11:56:54.898840,processing,453.4
2024-09-11T14:57:37.085899,completed,93.62
2024-05-20T02:24:25.579978,shipped,356.39
2024-06-17T11:37:27.735214,completed,170.77
2025-09-14T04:06:07.167523,cancelled,2689.64
2024-06-20T08:16:10.714131,processing,1436.36
2025-04-16T14:21:01.381447,returned,1002.26
2025-10-13T12:07:36.715914,shipped,14.7
2024-05-10T02:10:07.807171,completed,1306.32
2024-05-12T10:34:13.348693,shipped,411.43
2025-06-09T22:58:42.612502,processing,41.75
2025-04-03T21:21:21.428205,shipped,21.46
2024-07-09T18:02:17.524763,processing,597.89
2025-05-28T07:44:26.686492,shipped,165.21
2024-07-25T03:54:18.431794,cancelled,26.49
2025-11-03T06:06:17.398163,cancelled,653.76
2025-10-10T12:29:39.292134,completed,132.37
2024-05-26T23:15:43.036889,returned,658.35
2024-12-01T07:16:50.932414,processing,1269.3
2025-01-10T07:15:02.258455,processing,326.9
2024-11-10T02:16:45.749805,processing,438.46
2025-07-04T05:29:42.606491,shipped,437.22
2024-02-16T02:45:58.484825,completed,196.4
2025-03-07T23:54:23.404082,cancelled,2.99
2025-02-28T06:19:58.965441,cancelled,324.3
2024-09-30T09:46:52.283617,completed,557.49
2024-08-13T22:01:39.362562,returned,421.81
2025-03-26T09:05:51.069854,cancelled,186.72
2024-06-07T03:57:40.181187,returned,777.62
2024-02-25T11:43:32.346185,shipped,881.82
2025-06-21T03:13:30.406028,returned,69.5
2025-01-20T21:56:00.764495,cancelled,1292.61
2025-05-16T04:53:44.757131,cancelled,135.88
2024-09-05T01:51:12.973499,returned,53.16
2024-03-09T08:30:04.900563,returned,696.42
2024-10-26T20:26:07.502988,cancelled,1115.68
2024-04-10T08:40:56.496333,completed,304.08
2024-04-26T19:10:46.709520,completed,311.21
2025-01-16T07:24:56.876382,shipped,83.76
2024-09-21T18:39:18.409026,returned,1428.63
2025-10-22T01:06:00.584372,completed,984.19
2024-08-20T22:48:39.974456,completed,1197.06
2024-02-20T23:42:00.029122,completed,48.2
2024-03-06T04:25:57.219642,returned,443.67
2024-10-08T01:42:57.886073,shipped,59.97
2024-03-01T05:16:39.411791,completed,2024.67
2025-03-14T04:23:07.252505,completed,342.78
2025-04-21T22:28:49.192034,completed,2651.71
2024-02-11T12:13:44.101055,returned,739.24
2024-09-22T13:19:49.486970,completed,21.92
2024-09-24T07:21:56.944061,cancelled,291.13
2024-05-09T18:23:45.255758,completed,122.51
2024-07-08T08:16:58.352727,cancelled,479.02
2024-03-27T14:08:17.663759,returned,570.66
2025-06-24T00:40:57.729207,returned,50.3
2024-04-04T20:07:36.265114,returned,180.07
2024-09-18T07:07:47.272620,shipped,766.76
2025-11-02T17:13:32.256504,processing,405.41
2025-03-11T04:41:18.167481,returned,635.48
2025-02-08T18:04:58.367399,cancelled,532.74
2025-10-03T10:51:15.120734,completed,85.2
2024-12-29T21:33:53.446133,shipped,1629.93
2024-04-24T07:58:56.615819,cancelled,536.33
2024-11-17T00:26:21.836525,cancelled,358.71
2025-04-12T10:53:39.114785,cancelled,853.82
2024-11-28T12:37:35.479861,processing,198.37
2025-07-17T21:46:53.746695,returned,126.24
2025-02-09T16:42:10.186532,shipped,91.48
2025-03-22T07:21:31.762747,shipped,56.03
2025-08-28T11:28:42.134538,cancelled,467.48
2024-01-05T13:10:57.113073,completed,63.33
2024-05-12T04:27:00.254961,shipped,687.51
2024-04-09T14:36:01.698300,shipped,20.93
2025-01-22T21:55:19.625310,completed,44.29
2024-03-02T05:26:37.089055,processing,640.32
2024-08-19T01:41:38.708295,processing,49.84
2024-04-18T21:31:25.229667,processing,76.4
2024-08-14T23:44:04.813815,processing,134.24
2025-10-17T07:32:29.623958,processing,20.41
2024-09-14T05:18:38.714376,shipped,1639.09
2024-09-16T19:29:28.504399,processing,35.14
2024-01-26T08:50:23.999585,shipped,231.79
2025-04-13T05:50:07.377323,shipped,36.92
2025-07-18T06:40:12.272719,shipped,633.83
2024-04-07T00:07:28.073063,shipped,497.67
2024-12-27T23:44:28.451556,shipped,2202
2024-08-28T22:18:41.713915,returned,295.05
2024-05-11T12:26:18.405312,completed,14.09
2025-01-04T21:05:38.520737,cancelled,713.32
2025-07-15T11:33:33.332620,processing,875.51
2024-04-22T05:11:36.655303,shipped,169.72
2024-12-10T03:34:07.796464,shipped,47.07
2024-06-23T13:53:42.468945,completed,1452.85
2025-04-30T07:39:13.639443,cancelled,541.92
2025-06-24T19:06:29.370720,cancelled,1237.89
2024-06-27T16:18:01.481650,processing,329.79
2024-03-09T00:23:24.880798,processing,238.08
2024-05-18T20:01:43.757685,completed,1286.28
2025-10-26T04:59:19.294708,processing,175.08
2025-09-30T08:25:06.061906,processing,117.1
2025-10-16T13:24:54.616554,cancelled,274.66
2024-10-21T05:01:12.804814,processing,29.9
2024-08-17T11:53:17.995581,shipped,3.45
2025-04-12T19:59:52.000619,cancelled,537.66
2024-12-12T11:44:47.197678,completed,26.27
2024-03-15T14:48:18.442786,returned,59.13
2024-07-28T14:30:33.353426,processing,951.69
2025-09-14T11:30:39.749290,shipped,32.13
2025-08-06T02:25:45.900177,cancelled,703.07
2025-04-27T07:54:21.841561,completed,455.3
2024-09-16T06:43:08.898372,returned,24.2
2024-07-25T23:58:02.983807,returned,686.68
2025-01-10T23:41:24.067475,completed,215.78
2025-02-12T01:25:28.655048,processing,554.72
2025-07-10T07:58:13.750127,returned,89.08
2024-10-27T01:16:46.716059,returned,15.26
2024-08-01T16:07:45.528498,returned,951.12
2024-09-03T16:59:18.766730,processing,40.12
2025-01-07T16:52:10.283479,shipped,339.4
2024-07-18T22:47:39.547385,processing,235.42
2025-10-10T06:40:35.701047,completed,1239.31
2025-08-19T08:32:41.755610,shipped,3316.87
2024-06-04T07:31:22.117998,cancelled,208.24
2024-01-17T21:58:21.317457,returned,557.39
2024-06-18T19:30:07.000377,completed,33.11
2025-10-14T23:07:28.367909,processing,206.43
2025-06-08T18:14:00.332257,processing,407.54
2025-05-15T09:28:26.426883,completed,412.81
2025-02-16T07:24:52.182675,shipped,124.77
2025-07-06T15:25:42.382357,processing,1014.8
2025-05-26T20:08:19.848458,shipped,74.93
2025-07-14T03:36:12.562948,returned,441.61
2024-04-01T18:12:25.295426,completed,478.81
2025-07-20T22:24:24.108963,cancelled,86.11
2025-03-01T14:58:16.652382,completed,1059.3
2024-06-21T12:16:45.734027,returned,686.56
2025-06-07T09:10:34.723796,shipped,348.46
2025-04-21T18:53:07.621996,returned,1533.3
2025-07-18T18:20:28.136863,processing,161.36
2024-08-10T01:24:27.115738,returned,698.45
2024-03-04T07:18:09.878462,processing,659.56
2024-02-01T07:39:29.292190,cancelled,1688.84
2024-08-25T19:11:45.210274,processing,222.86
2025-04-13T08:46:45.788980,completed,461.24
2025-02-27T14:31:47.194901,processing,327.19
2024-02-26T04:46:42.343568,returned,369.8
2025-11-05T08:59:35.655389,cancelled,638.51
2024-08-31T18:52:20.649129,shipped,40.7
2025-08-05T13:12:33.223670,cancelled,1624.66
2024-07-30T08:07:57.765639,completed,368.82
2025-07-12T12:45:06.887458,returned,85.2
2024-07-18T03:09:59.488340,returned,1555.34
2025-05-31T21:23:52.540914,returned,146.6
2025-06-15T02:17:39.095118,processing,88.68
2025-02-17T19:48:16.054295,cancelled,124.57
2025-07-18T17:43:47.479486,cancelled,1188.16
2024-11-13T22:37:45.470196,processing,1538.97
2024-11-21T15:01:14.931598,cancelled,436.84
2025-03-10T21:17:45.005275,shipped,1565.59
2025-09-15T14:36:36.623470,completed,74.81
2024-08-27T17:31:32.264049,processing,67.93
2025-01-23T10:47:42.609555,returned,207.05
2024-10-06T22:49:30.803739,returned,3388.79
2024-10-26T05:33:35.764081,completed,385.6
2025-03-17T10:14:44.828058,shipped,69.43
2024-12-12T18:38:43.854831,cancelled,222.92
2024-03-09T20:28:38.336859,processing,1233.39
2024-03-10T15:36:49.322656,returned,163.07
2025-10-20T18:59:08.116669,shipped,1166.24
2024-07-09T02:59:41.656317,shipped,1701.19
2025-05-26T13:53:44.024608,completed,3023.06
2025-04-13T21:54:08.840191,cancelled,113.98
2024-07-31T13:31:07.331857,completed,7.76
2024-08-14T21:45:08.509198,shipped,99.54
2025-08-21T18:33:33.968168,completed,630.86
2024-09-01T10:32:14.502090,returned,85.27
2025-08-20T13:04:08.708549,cancelled,156.32
2024-09-01T23:08:42.309905,shipped,106.4
2024-02-21T17:35:01.622367,processing,41.48
2025-11-02T17:32:52.789034,returned,360.03
2025-06-18T21:28:34.856413,cancelled,654.9
2025-06-06T22:53:05.911872,completed,255.44
2024-01-12T06:22:01.955328,returned,83.19
2025-07-22T22:08:22.880291,returned,2365.61
2024-05-24T01:32:30.067640,returned,297.47
2025-05-05T01:18:21.065238,returned,126.7
2024-08-15T06:06:18.258885,cancelled,217.2
2025-07-01T08:49:53.237208,returned,207.21
2025-01-28T02:43:06.109354,returned,1262.72
2024-07-17T09:46:58.114751,returned,557.48
2025-08-28T10:53:07.918499,completed,100.63
2024-08-15T03:43:44.921999,shipped,354.07
2024-04-11T09:40:38.694389,processing,223.07
2024-08-09T05:38:12.546237,processing,619.63
2024-04-09T22:01:02.074219,shipped,486.86
2024-10-19T02:23:26.855219,shipped,121.55
2024-04-18T04:37:21.298572,shipped,203.42
2025-05-20T20:23:54.975471,processing,300.44
2024-11-09T12:03:13.318806,processing,252.09
2025-06-23T20:06:37.591905,processing,769.71
2024-05-05T09:54:18.135303,processing,322.38
2025-05-08T15:58:51.659898,cancelled,1670.4
2024-03-22T03:37:14.226359,cancelled,111.6
2025-02-16T00:38:53.800036,completed,1239.53
2025-02-02T10:38:19.203804,completed,40.54
2025-03-01T08:32:22.787097,completed,20.19
2025-10-12T11:53:40.149457,shipped,142.65
2024-10-22T02:02:41.916012,cancelled,919.5
2024-09-02T05:01:57.544346,completed,163.08
2025-04-18T13:55:55.095052,returned,284.85
2025-11-09T12:27:52.838556,completed,394.91
2024-10-16T13:39:03.798928,processing,133.95
2024-05-21T20:37:49.870937,returned,438.68
2025-01-29T20:35:15.636920,shipped,916.62
2024-11-24T03:12:38.751399,completed,252.13
2025-02-04T05:21:50.720224,completed,9.28
2025-07-14T15:14:03.759039,cancelled,1457.74
2024-10-03T03:13:10.528306,returned,1848.71
2024-08-25T08:50:58.150682,shipped,79.18
2024-01-30T17:52:13.419685,completed,432.67
2024-01-09T21:54:48.872695,shipped,219.24
2024-01-26T07:12:13.213153,returned,371.63
2024-04-05T14:31:50.169187,shipped,4043.84
2025-01-17T04:26:41.937151,processing,31.28
2025-09-23T17:13:39.861138,completed,62.62
2025-01-14T13:03:40.305110,returned,876.69
2025-06-27T23:22:45.309612,completed,229.12
2025-02-24T12:14:44.797008,completed,63.31
2024-01-17T12:03:58.459220,returned,126.55
2024-11-25T11:23:27.527694,processing,9.28
2025-07-16T13:37:32.832133,shipped,521.59
2024-05-26T05:55:53.867320,shipped,148.33
2025-04-02T13:13:50.115293,shipped,447.36
2024-11-06T10:56:23.184363,completed,155.39
2024-09-19T11:40:07.661744,processing,48.22
2025-07-04T14:11:42.728673,shipped,99.51
2024-01-22T15:44:10.257939,returned,51.05
2024-05-07T22:36:51.733043,returned,322.77
2025-08-04T08:16:54.780749,cancelled,1636.7
2025-09-08T17:33:07.852014,shipped,5.35
2024-11-22T16:00:06.810417,cancelled,191.91
2025-10-26T07:59:07.079976,returned,423.57
2024-11-04T14:52:47.703273,returned,208.74
2025-09-02T17:06:40.322503,shipped,938.73
2024-10-01T17:05:38.465115,completed,492.81
2025-01-01T05:52:33.642846,returned,416.24
2025-07-22T19:19:05.784745,processing,112.19
2024-01-23T18:10:16.853709,processing,306.95
2024-12-20T05:15:21.881914,shipped,235.84
2025-08-23T17:47:08.150447,shipped,75.81
2025-08-29T12:14:53.640334,completed,925.52
2024-05-05T06:01:04.457596,completed,439.51
2024-05-25T16:24:50.585579,completed,3106.22
2025-08-24T08:11:11.031655,completed,70.32
2024-10-04T22:21:22.389944,processing,693.04
2025-11-13T01:20:38.823482,shipped,464.86
2025-02-07T13:21:09.328529,shipped,21.92
2024-04-21T06:51:42.470707,completed,623.72
2025-03-17T20:39:11.364386,cancelled,543.25
2024-10-26T18:22:31.346586,cancelled,47.35
2025-06-23T18:15:47.523689,cancelled,245.2
2024-06-06T07:28:30.418796,returned,3385.66
2024-12-06T23:51:40.716547,shipped,790.28
2025-08-24T11:54:30.771703,completed,844.54
2025-02-14T06:44:48.033365,returned,152.4
2025-06-20T13:09:44.499390,returned,224.85
2024-09-29T05:11:05.031614,cancelled,1336.95
2025-05-16T15:02:33.880923,completed,18.26
2025-02-15T19:55:42.074117,shipped,208.45
2024-04-21T00:26:50.267211,cancelled,742.29
2025-09-06T06:17:38.443902,cancelled,725.81
2024-12-07T04:51:11.397696,returned,328.55
2024-02-24T02:47:46.438539,shipped,1842
2024-06-01T07:00:36.454935,shipped,2799.01
2024-05-21T07:37:57.974283,processing,19.56
2024-05-07T03:18:15.656876,processing,186.91
2024-01-15T05:51:56.935845,processing,266.32
2024-12-31T01:02:16.594009,shipped,229.48
2024-10-10T09:05:44.971802,returned,279.42
2025-07-21T23:15:26.726664,processing,1295.76
2024-03-26T08:00:43.398902,completed,411.46
2024-06-27T15:29:45.856209,cancelled,202.98
2024-11-02T22:01:14.954724,completed,436.68
2025-09-08T15:18:29.680878,returned,113.44
2025-08-30T18:51:19.135128,cancelled,313.02
2024-09-21T00:24:49.465508,processing,3283.6
2024-04-30T01:30:03.957040,completed,48.2
2025-08-19T23:38:27.645588,shipped,915.9
2025-08-25T04:35:11.344584,shipped,917.59
2024-10-28T00:39:02.584668,processing,693.5
2025-07-13T08:06:20.760639,processing,1046.57
2024-03-12T19:31:14.588559,processing,415.34
2024-06-21T04:37:21.156046,processing,375.19
2025-03-09T02:51:51.932605,processing,40
2025-03-26T17:40:59.489984,cancelled,1369.3
2024-04-10T20:40:57.482947,returned,146.59
2024-01-07T12:04:14.646298,shipped,207.3
2025-05-02T10:27:36.782716,processing,678.61
2025-10-04T00:14:18.421400,cancelled,346.93
2025-09-23T23:07:25.175762,returned,346.08
2024-02-08T08:14:10.419990,shipped,9.28
2025-04-03T08:09:07.878266,completed,464.85
2024-02-29T17:42:14.703282,returned,659.8
2024-12-08T21:43:04.333913,processing,575.78
2025-05-28T04:39:51.677355,completed,1411.54
2024-02-28T18:25:40.659820,completed,53.19
2025-08-24T03:24:20.583298,cancelled,515.98
2024-11-19T02:47:58.121786,completed,1117.14
2025-09-02T14:31:54.262768,completed,1405.44
2024-06-25T17:28:09.769769,processing,451.74
2024-08-03T12:51:17.933672,shipped,283.47
2024-04-23T08:02:15.466473,returned,240.64
2024-09-30T16:27:09.069780,cancelled,65.21
2024-05-18T03:14:32.971078,cancelled,135.96
2025-02-21T21:12:40.058454,cancelled,3890.26
2024-10-15T09:45:44.686494,completed,56.04
2024-01-28T05:16:45.085148,returned,700.04
2025-09-24T07:32:48.635329,returned,274.74
2025-06-10T06:59:05.439125,shipped,174.95
2024-03-13T23:55:34.686767,returned,121.03
2024-10-24T08:00:38.629000,completed,1111.26
2024-08-28T09:05:57.354338,processing,715.27
2025-10-11T01:50:55.437074,completed,97.82
2025-07-01T07:13:03.657837,cancelled,674.26
2025-03-07T15:02:24.704423,shipped,573.58
2025-02-27T15:12:42.774397,returned,270.6
2025-07-19T05:12:24.872530,processing,237.44
2024-12-21T09:36:15.081666,completed,920.33
2024-03-29T13:07:46.224267,shipped,648.76
2025-02-05T22:25:32.910503,completed,34.44
2025-04-30T14:57:04.585866,completed,247.2
2024-07-07T04:29:34.970036,cancelled,21.3
2024-10-16T16:35:53.677292,returned,18.2
2025-06-19T01:11:18.807873,cancelled,526.9
2025-05-06T00:57:37.393287,shipped,59.91
2024-05-18T22:59:36.053587,returned,1539.42
2024-02-26T14:09:41.174197,cancelled,190.17
2025-04-29T02:40:05.331974,cancelled,56.96
2024-06-25T19:21:40.060058,returned,673.29
2024-03-02T00:18:23.505080,shipped,159.88
2025-04-30T17:22:57.586785,shipped,756.13
2025-09-14T18:46:01.099787,returned,538.62
2024-01-16T04:09:03.601317,completed,754.84
2024-06-12T09:14:03.294842,returned,209.08
2025-02-01T05:23:17.615499,cancelled,132.13
2024-10-30T20:31:00.665921,shipped,32.78
2025-06-19T03:26:39.011341,cancelled,1586.27
2024-04-20T12:53:39.412815,returned,108.57
2024-08-26T02:34:35.544392,completed,560.94
2024-02-08T05:22:38.295593,cancelled,305.99
2025-10-08T14:01:06.356080,cancelled,34.94
2024-08-12T22:35:35.482074,completed,260.02
2024-01-29T06:55:39.441431,completed,426.88
2025-05-08T14:14:00.450358,returned,312.79
2024-03-15T00:47:33.542571,returned,168.63
2025-06-26T18:02:58.274925,completed,66.98
2024-08-11T23:25:32.593579,completed,27.07
2025-03-05T05:58:35.030171,completed,225.3
2025-10-15T14:30:29.747841,processing,291.57
2024-03-07T01:18:56.306471,completed,1288.5
2025-09-10T07:05:32.329331,cancelled,134.9
2024-11-13T21:30:58.215184,completed,202.61
2024-10-10T12:05:19.227576,shipped,797.72
2024-03-08T21:50:42.830691,completed,35.24
2025-04-01T15:38:45.448045,shipped,658.51
2025-04-20T21:01:26.403267,completed,513.47
2025-10-08T04:01:34.868675,cancelled,1333.28
2024-01-10T20:12:24.578745,shipped,235.83
2025-08-10T18:52:42.058445,processing,851.66
2025-03-14T08:44:13.223103,cancelled,326.16
2024-08-28T05:39:38.571436,completed,892.77
2024-03-23T07:22:13.401720,completed,86.47
2025-05-13T22:57:49.727134,returned,815.21
2025-08-16T02:48:54.389892,cancelled,139.06
2025-02-01T01:15:32.853026,cancelled,54.91
2024-12-04T16:53:19.613299,completed,380.65
2024-12-11T19:24:22.965935,returned,10.52
2024-05-13T09:49:41.607778,returned,649.45
2024-04-08T04:15:41.484691,cancelled,505.58
2024-02-06T14:11:27.227110,shipped,819.22
2024-10-21T04:32:50.349311,shipped,122.8
2024-05-16T07:30:39.972739,cancelled,110.47
2025-01-15T22:47:53.796631,returned,45.33
2024-09-29T14:37:25.340634,cancelled,733.14
2025-08-27T05:59:21.847662,processing,56.87
2025-10-13T02:50:19.363466,returned,52.95
2024-04-09T19:20:43.101493,cancelled,4748.95
2025-09-20T10:35:04.657913,returned,50.52
2024-05-03T23:31:30.200694,shipped,74.08
2025-01-08T13:06:28.494785,completed,62.47
2024-05-09T18:00:30.376489,completed,127.41
2025-05-15T20:57:43.780794,shipped,214.4
2024-10-30T21:31:53.317234,completed,1214.01
2025-07-07T15:12:48.058030,returned,170.15
2025-04-19T22:10:58.502573,processing,239.03
2025-08-06T13:26:39.612128,processing,411.22
2024-07-14T18:09:23.090120,processing,3383.76
2024-02-08T22:27:01.041851,returned,563.09
2024-05-13T17:20:36.263544,returned,362.48
2025-07-11T22:16:56.184053,cancelled,82.98
2025-04-25T21:50:57.055239,shipped,94.97
2025-06-22T16:42:23.943197,completed,142.94
2025-06-22T15:15:26.464213,processing,418.54
2025-06-13T16:23:35.360525,returned,105.52
2024-02-07T02:37:54.855769,returned,404.77
2025-06-15T18:19:05.346218,returned,112.49
2024-11-23T01:38:20.440129,cancelled,323.94
2024-05-29T15:44:22.648607,shipped,146.18
2025-05-25T06:52:54.803860,returned,93.98
2024-11-07T06:09:59.194501,processing,221.26
2024-08-28T08:28:02.784546,cancelled,176.19
2025-10-08T21:03:59.416187,shipped,263.31
2025-02-12T05:58:14.355775,processing,438.46
2024-07-23T09:14:38.409290,cancelled,70.33
2025-04-26T03:02:00.846308,processing,732.28
2024-05-22T02:51:15.510304,returned,189.79
2024-05-31T13:26:06.906517,completed,322.7
2025-08-24T13:40:56.126851,processing,383.78
2025-02-16T09:11:36.454318,completed,10.78
2024-09-07T14:40:09.584154,returned,49.66
2025-06-17T16:46:08.132061,processing,190.18
2025-01-17T05:54:55.176176,processing,49.15
2024-04-29T03:23:00.152136,returned,170.81
2024-01-13T04:04:59.504130,completed,313.53
2024-04-15T17:39:34.322198,cancelled,721.64
2025-09-04T02:28:06.683897,cancelled,721.03
2024-02-09T15:42:51.131678,cancelled,111.59
2025-09-14T08:32:22.138040,cancelled,1314.43
2024-01-30T20:00:09.779463,returned,236.97
2024-09-29T01:03:00.452859,processing,1705.48
2024-10-03T12:15:26.734570,returned,59.93
2024-07-30T03:32:42.116455,processing,70.34
2025-09-03T08:18:20.693841,cancelled,374.05
2025-03-01T09:16:38.436267,returned,26.34
2025-04-28T12:56:45.284655,processing,334.38
2024-07-08T00:05:37.830894,completed,98.81
2025-05-18T14:34:20.093558,cancelled,31.72
2025-05-25T19:34:20.732586,returned,536.28
2025-06-06T02:19:09.641480,cancelled,364.15
2024-12-28T08:07:56.841969,processing,219.2
2024-08-02T09:16:18.856495,processing,1765.75
2025-09-07T16:44:53.397380,completed,706.72
2024-08-25T09:00:58.753502,returned,89.5
2025-08-16T07:40:19.717787,completed,56.26
2024-03-14T01:59:37.975365,shipped,153.56
2024-02-22T20:49:31.427371,returned,1705.48
2024-10-03T02:12:09.101861,completed,347.43
2025-08-21T04:38:35.996604,shipped,810.06
2025-01-25T20:14:12.076009,processing,189.93
2024-03-26T11:53:09.239418,completed,1440.48
2024-01-29T10:32:03.900362,processing,4.51
2024-08-13T11:03:34.080323,shipped,454.19
2025-01-26T19:52:51.366502,cancelled,9.27
2024-06-17T12:19:23.266852,returned,846.61
2025-07-17T16:31:42.596932,returned,50.52
2024-11-17T18:34:53.534409,returned,409.41
2025-06-24T21:27:14.597082,cancelled,33
2025-04-21T13:37:25.728033,returned,132.66
2024-03-15T06:10:41.017203,cancelled,184.85
2024-04-29T14:34:06.603784,returned,1075.65
2024-12-15T21:29:38.252374,shipped,30.77
2024-08-12T06:15:22.401151,shipped,63.71
2024-11-07T22:29:07.595391,shipped,287.94
2024-07-07T07:39:42.683762,shipped,30.5
2025-01-01T19:13:08.671394,returned,235.42
2024-05-26T02:13:48.080415,returned,332.73
2025-07-31T07:25:39.156204,returned,40.24
2024-11-12T09:35:44.551807,processing,2932.83
2025-04-15T11:47:34.396621,shipped,656.86
2024-09-02T16:05:12.022398,returned,407.66
2025-06-20T19:21:50.757548,processing,157.95
2024-07-31T05:57:12.586423,cancelled,15.41
2024-12-09T15:35:00.973443,completed,140.3
2024-08-21T17:39:40.157601,returned,4008.22
2025-10-22T06:20:39.901656,shipped,339.71
2025-05-13T12:39:03.369022,returned,1351.78
2024-03-22T20:45:37.849371,completed,1113.79
2025-01-12T15:59:49.770822,completed,21.52
2024-01-13T08:31:43.038012,shipped,490.9
2025-11-06T19:37:25.931709,completed,956.61
2025-08-15T15:30:59.250183,shipped,656.02
2024-09-11T16:16:13.656405,processing,420.41
2024-03-26T11:27:56.168689,processing,184.74
2025-09-16T10:00:36.953892,processing,831.01
2025-01-02T15:02:47.013320,cancelled,2473.48
2024-01-25T16:28:50.533297,shipped,269.46
2025-02-14T20:09:33.439433,returned,233.45
2024-10-30T06:37:57.082348,processing,52.1
2024-10-29T04:29:27.387087,shipped,1981.42
2025-04-08T13:13:57.549932,cancelled,76.58
2025-11-04T07:53:04.433509,shipped,574.74
2024-08-10T17:22:54.564563,returned,18.5
2025-01-22T23:39:15.983808,returned,1193.34
2024-07-16T18:59:44.866123,cancelled,1673.47
2024-02-01T07:57:28.605520,shipped,32.7
2024-04-20T14:17:27.478153,shipped,2286.15
2025-03-05T17:38:11.712683,processing,220.52
2025-08-06T08:48:57.438411,cancelled,305.26
2024-08-24T10:44:46.829491,processing,181.12
2024-02-21T06:56:23.503932,returned,170.18
2025-02-23T20:16:09.951716,returned,278.97
2025-07-12T22:05:12.028721,shipped,132.77
2024-07-31T08:51:50.985587,completed,768.56
2024-05-28T01:23:04.829455,processing,1370.08
2024-03-03T20:01:44.930498,completed,3759.72
2025-05-05T05:03:40.587680,cancelled,1223.94
2025-10-08T09:12:04.148403,completed,938.25
2025-03-14T11:18:00.789075,completed,19.09
2025-06-05T03:21:05.872240,returned,3703.81
2024-05-10T02:06:46.218351,completed,235.69
2025-06-07T22:55:29.221891,shipped,1758.84
2025-08-23T10:16:47.631114,cancelled,151.51
2025-02-01T02:18:42.557262,returned,88.98
2024-01-12T21:43:08.663146,returned,88.62
2024-07-02T10:47:38.989511,returned,1296.48
2025-05-09T06:32:48.320409,cancelled,41.44
2024-08-17T22:54:33.861316,processing,42.19
2025-08-09T03:09:45.632603,shipped,701.36
2025-10-01T13:47:07.131984,completed,234.34
2025-01-12T12:57:49.784309,completed,24.11
2025-03-03T10:29:23.372780,shipped,631.41
2024-12-04T12:03:52.032391,completed,3105.54
2024-07-19T08:18:08.642904,processing,586.97
2024-07-22T21:06:11.800414,processing,136.16
2024-05-28T05:36:22.621462,cancelled,295.15
2025-03-25T19:39:15.374061,cancelled,811.12
2025-08-08T10:23:54.110973,returned,982.95
2025-10-19T13:42:59.462362,shipped,404.65
2025-10-21T16:38:10.961251,completed,208.92
2025-04-30T05:11:14.987939,shipped,372.19
2024-10-26T13:47:48.714660,processing,390.56
2025-09-25T08:42:53.754626,cancelled,2074.75
2024-05-28T14:49:56.917708,shipped,158.29
2024-11-03T17:16:07.631837,cancelled,392.99
2024-08-22T18:17:42.586571,returned,369.01
2025-02-23T16:11:19.156706,completed,150.13
2025-01-02T10:12:27.332312,shipped,417.49
2024-06-16T01:30:14.145976,returned,355.39
2025-04-14T06:55:14.396541,cancelled,272.78
2024-02-12T09:32:39.252261,completed,401.88
2025-11-14T13:00:44.426115,shipped,110.26
2025-01-30T00:56:09.093514,completed,195.56
2024-11-03T15:30:08.062297,cancelled,969.7
2024-01-28T19:14:14.524461,cancelled,510.62
2025-04-12T19:48:06.299579,returned,1132.31
2025-08-06T17:56:53.330903,completed,154.41
2025-10-10T19:43:28.259956,cancelled,180.9
2025-01-01T08:15:20.442478,processing,342.44
2024-11-25T03:16:21.287882,returned,157.95
2025-11-05T19:29:57.948038,cancelled,174.33
2024-05-22T06:24:08.614324,processing,651.37
2024-07-31T15:07:03.363649,processing,36.97
2025-03-09T03:01:39.564160,processing,463.44
2025-06-19T03:16:53.624038,returned,130.05
2024-03-20T05:22:31.264964,returned,576.97
2024-01-23T06:06:56.095814,cancelled,100.3
2025-08-12T03:08:38.164146,shipped,179.45
2024-04-10T11:22:05.289946,processing,2659.38
2024-01-03T15:57:11.619250,processing,1256.36
2025-09-23T02:59:51.060850,returned,323.24
2024-07-09T03:40:43.855113,cancelled,3937.02
2024-02-19T02:09:01.251431,cancelled,266.71
2025-09-09T03:14:34.662730,shipped,47.54
2025-05-03T13:23:15.767038,completed,255.41
2025-06-13T11:28:06.049273,shipped,6265.52
2025-06-11T15:29:25.451818,processing,1203.98
2024-08-08T02:35:33.258422,returned,22.25
2025-05-25T14:29:13.431064,processing,205.74
2024-06-29T11:47:40.990883,shipped,13.38
2025-05-06T07:23:45.215396,returned,314.58
2024-04-23T20:56:30.371859,returned,1353.18
2024-03-30T14:03:34.865495,returned,312.4
2024-01-06T04:26:00.468344,processing,482.6
2025-03-14T16:00:54.240614,returned,271.11
2024-06-28T23:11:15.240690,processing,1181.64
2025-08-24T23:05:05.800194,returned,1767.38
2024-09-18T05:03:32.686484,shipped,955.89
2025-04-20T11:31:09.560689,processing,470.4
2024-10-18T17:35:34.592532,completed,20.31
2024-09-12T18:23:43.698442,cancelled,96.48
2024-11-12T16:37:14.513228,shipped,1495
2024-06-27T00:58:14.196706,cancelled,534.42
2025-03-24T05:16:00.706734,completed,991.52
2025-08-28T19:43:35.874130,shipped,157.22
2024-11-19T11:43:28.863136,returned,29.15
2025-07-26T10:46:54.511596,cancelled,308.14
2024-02-14T14:30:53.878095,shipped,81.17
2024-08-07T22:49:54.886727,completed,1422.23
2024-07-10T13:54:28.930875,processing,46.89
2024-11-22T07:18:57.277096,cancelled,155.98
2025-05-10T00:50:12.172486,cancelled,296.99
2025-02-20T01:32:29.911985,cancelled,536.33
2024-04-30T19:44:16.135206,returned,1761.12
2024-07-19T18:15:38.038244,completed,937.85
2024-10-20T09:24:54.804599,cancelled,1468.38
2024-06-03T17:35:12.579406,cancelled,924.06
2024-11-04T12:14:11.310703,processing,756.79
2025-05-27T11:51:19.170281,cancelled,221.43
2024-10-05T17:00:58.487512,shipped,243.28
2025-02-12T11:26:18.960825,cancelled,850.26
2025-01-18T16:10:01.502272,shipped,332.57
2025-11-12T20:36:21.064296,shipped,1440.1
2024-12-05T05:26:56.844996,completed,2510.02
2025-04-21T18:33:09.972766,shipped,280.23
2024-01-17T05:44:22.285261,shipped,902.44
2024-12-19T00:18:07.085132,returned,755.69
2025-07-15T15:22:44.027405,completed,53.24
2024-09-15T09:05:36.630594,returned,58.76
2024-05-07T23:41:47.277811,completed,223.08
2024-10-23T22:15:26.010377,returned,1021.02
2025-03-06T06:36:56.269274,shipped,123.89
2024-01-23T07:44:48.261962,returned,622.37
2025-03-08T05:13:57.918167,returned,96.21
2024-05-22T16:18:56.138032,completed,208.75
2024-02-13T23:03:06.975538,completed,43.35
2025-10-27T14:10:36.043202,cancelled,1593.27
2024-06-05T14:41:20.702835,processing,21.89
2024-11-20T10:37:59.638884,shipped,170.53
2024-05-07T13:36:35.732806,cancelled,198.86
2025-09-10T00:14:18.815838,processing,404.77
2025-04-29T21:34:07.238711,completed,1916.31
2024-08-16T15:37:43.292800,completed,49.66
2025-06-04T08:04:52.874743,completed,155.97
2025-04-26T17:52:28.824388,returned,938.93
2024-03-18T00:18:14.433153,completed,71.15
2024-07-12T04:18:16.358736,cancelled,351.45
2024-04-27T01:46:59.263684,cancelled,211.39
2024-10-01T13:08:58.247551,processing,569.1
2025-06-11T04:06:10.347785,processing,1099.89
2024-10-29T18:22:27.811115,cancelled,297.11
2025-09-30T10:35:08.895938,completed,1581.11
2025-08-10T02:30:46.810878,shipped,137.93
2025-01-29T00:12:49.979113,returned,205.36
2025-02-04T08:34:59.973566,returned,43.35
2025-10-01T03:07:14.538628,processing,13.24
2025-09-14T03:37:28.849918,returned,689.05
2025-11-07T16:34:30.017186,cancelled,3350.65
2024-11-22T14:26:50.451113,processing,397.74
2024-01-06T12:00:07.645131,cancelled,170.38
2025-07-29T05:13:43.155855,shipped,800.71
2025-02-13T22:28:53.325300,shipped,103.56
2025-10-04T06:04:04.578611,shipped,3227.9
2025-02-09T18:07:16.838650,shipped,599.85
2024-11-04T12:36:36.049065,returned,97.78
2024-07-09T12:45:05.454957,cancelled,206.55
2024-11-30T11:45:25.591981,cancelled,343.78
2024-04-01T15:16:13.567946,processing,259.61
2025-01-23T18:04:13.609197,cancelled,450.35
2025-02-09T15:48:35.398623,returned,188.49
2024-06-14T14:27:07.147352,returned,430.3
2025-09-04T00:56:20.840380,cancelled,1364.22
2024-11-12T17:35:40.263287,cancelled,645.5
2024-02-13T15:10:30.782213,shipped,4015.79
2025-03-12T04:58:38.010670,cancelled,253.55
2024-01-29T03:59:41.743899,cancelled,228.48
2025-07-24T06:25:10.935151,shipped,2079.99
2024-01-31T01:49:05.861969,processing,121.86
2025-08-22T19:06:38.999988,cancelled,383.75
2024-10-11T12:11:19.101088,processing,61.6
2025-10-06T05:37:36.802708,shipped,241.48
2024-02-22T07:31:58.766484,processing,1707.21
2025-07-06T18:34:22.867161,cancelled,1148.7
2025-01-05T00:29:45.675696,completed,600.14
2025-07-18T15:01:37.548374,returned,90.44
2025-07-10T22:34:18.608181,completed,985.62
2024-12-30T23:43:06.294476,completed,222.94
2025-02-11T19:14:01.493960,completed,459.1
2025-04-22T00:57:45.479471,cancelled,3113.1
2025-06-28T16:53:22.263473,shipped,654.76
2025-11-02T15:32:47.722291,completed,2849.19
2024-12-24T09:54:00.318420,shipped,3371.87
2024-02-18T21:37:04.347773,shipped,773.82
2025-10-11T12:55:34.665346,cancelled,304.73
2025-08-11T09:07:05.670264,completed,399.06
2025-10-22T08:52:37.253395,returned,139.42
2024-01-20T19:11:54.008363,cancelled,163.23
2025-10-08T12:02:08.960389,returned,190.04
2025-05-09T17:13:36.337801,processing,1416.3
2024-04-25T06:40:47.218333,shipped,1658.26
2025-06-22T11:46:26.776538,processing,1251.1
2025-06-26T18:33:55.933505,shipped,58.11
2025-01-15T22:25:54.704895,returned,133.34
2025-01-11T17:46:27.228535,cancelled,249.48
2025-03-18T16:47:46.591712,shipped,991.35
2024-03-20T05:03:49.273267,completed,1563.08
2024-10-01T23:10:07.897351,returned,1341.8
2025-07-02T06:08:52.843709,returned,1084.65
2025-10-22T01:21:45.066733,shipped,141.68
2025-02-23T15:13:53.654227,cancelled,3053.51
2025-03-18T11:16:59.154227,completed,1340.76
2024-07-31T05:41:39.639075,completed,49.84
2025-04-08T10:35:12.894425,returned,244.16
2024-10-03T20:18:07.917244,cancelled,226.46
2025-09-26T02:59:41.099988,completed,617.29
2025-09-18T23:46:16.137122,processing,320.01
2025-05-28T08:24:14.070178,processing,8.06
2025-04-04T19:56:39.224535,processing,16.94
2024-04-13T12:22:28.091441,cancelled,24.52
2024-05-12T16:40:45.488004,completed,18.76
2025-01-26T02:27:56.282801,processing,343.78
2024-11-05T02:37:06.806452,shipped,201.36
2024-04-24T19:00:50.639122,cancelled,429.01
2024-11-04T02:51:03.364802,completed,177.64
2025-11-09T21:42:16.373252,processing,2109.02
2024-01-09T18:13:20.909271,returned,232.38
2025-06-14T20:32:10.047092,completed,1628.79
2024-06-19T22:55:57.953611,shipped,1319.64
2025-04-08T20:56:48.270958,processing,55.11
2024-11-28T22:07:58.548280,cancelled,18.64
2025-10-13T06:30:21.146590,cancelled,334.45
2024-01-06T23:44:38.623262,shipped,467.87
2025-10-27T04:39:41.371197,shipped,1377.7
2025-06-26T13:33:17.723697,cancelled,47.82
2025-02-21T23:39:28.735652,completed,120.94
2024-09-18T16:03:05.400823,cancelled,649.28
2024-02-01T09:32:56.864936,processing,2635.95
2024-01-24T12:34:34.415629,shipped,479.62
2024-06-18T03:01:48.429233,cancelled,372.8
2024-06-26T13:10:49.397077,returned,851.36
2025-02-14T11:56:10.146419,completed,306.55
2024-07-17T14:39:57.291291,returned,304.09
2024-06-17T11:19:35.911500,processing,2274.21
2025-05-09T04:01:21.153286,returned,38.54
2024-01-30T21:51:34.490946,completed,1435.18
2025-05-26T02:13:49.466843,cancelled,19.17
2024-12-08T03:44:14.037442,shipped,562.36
2024-04-06T04:33:40.650351,returned,366.43
2025-03-10T20:03:26.604366,processing,289.15
2024-03-25T17:35:04.535048,completed,217.47
2025-09-03T15:53:51.440197,processing,114.06
2024-05-04T15:57:14.393806,cancelled,152.28
2024-02-14T21:28:27.724539,shipped,119.52
2025-06-28T22:41:03.585154,processing,318.51
2024-06-09T16:40:32.023219,completed,4378.03
2025-09-12T05:59:15.644892,completed,668.28
2025-09-07T16:09:03.413424,processing,602.05
2024-12-08T14:22:54.879759,completed,402.72
2025-03-19T11:11:48.455684,shipped,121.55
2024-09-21T22:09:58.076458,cancelled,105.35
2024-02-16T01:57:15.813726,cancelled,298.12
2024-05-14T12:21:56.418340,completed,249.07
2024-07-13T08:27:51.034274,processing,1093.18
2024-03-24T02:02:47.334673,shipped,983.75
2025-10-12T16:55:07.049367,completed,184.98
2024-05-11T16:34:43.637889,cancelled,36.9
2024-09-17T09:57:12.646570,completed,2660.31
2024-07-27T05:39:14.431173,processing,565.28
2025-09-19T23:25:03.063717,processing,5682.77
2024-03-29T19:00:41.256336,returned,6.58
2024-02-11T09:03:57.123422,returned,440.29
2024-04-17T04:39:09.115286,cancelled,49.77
2024-11-27T07:54:06.405472,cancelled,313.41
2025-09-02T15:43:51.537529,processing,504.71
2024-02-29T23:22:09.372108,returned,4031.23
2024-02-02T11:43:15.348889,processing,452.13
2024-04-21T07:06:37.210922,shipped,200.59
2024-04-29T06:29:24.090854,completed,2.83
2024-06-09T15:36:44.892259,cancelled,1412.67
2025-08-03T14:47:10.915079,cancelled,293.66
2024-03-01T09:26:16.217882,cancelled,54.61
2024-03-27T16:58:28.632343,completed,201
2024-12-03T11:32:39.908803,returned,1058.61
2025-04-23T00:13:21.394430,processing,54.46
2024-08-10T23:13:19.493746,processing,941.1
2025-10-15T19:02:21.713989,processing,244.29
2024-10-03T09:17:09.122633,shipped,430.63
2024-07-29T18:09:45.955705,returned,71.52
2025-04-13T05:41:11.013716,completed,177.92
2024-12-08T23:58:57.988465,shipped,324.15
2024-07-01T21:44:52.777011,returned,466.78
2024-09-06T12:19:11.694384,shipped,20.65
2024-03-25T10:59:59.008361,processing,53.26
2024-04-18T20:56:04.901054,completed,673.29
2024-10-29T19:26:47.679859,cancelled,1200.96
2024-07-20T21:47:02.604310,cancelled,34.96
2025-02-19T03:54:31.228780,cancelled,415.34
2024-11-18T01:18:13.646745,completed,833.01
2024-09-26T20:15:20.648490,processing,984.2
2024-01-30T15:33:34.539496,processing,333.88
2024-10-22T04:21:12.168378,processing,532.29
2024-08-04T20:47:15.814291,completed,226.78
2024-08-31T02:49:20.346579,shipped,2624.28
2024-04-28T08:53:51.642957,completed,235.7
2025-06-07T18:20:24.970139,processing,700.98
2024-03-18T13:44:01.177363,returned,504.91
2025-07-14T12:56:03.587155,completed,692.81
2024-05-20T03:27:42.024494,shipped,255.94
2025-02-11T06:19:57.103539,returned,1005.78
2024-03-27T00:24:49.889128,completed,59
2024-07-10T00:41:23.992192,cancelled,55.14
2025-08-14T19:45:32.196873,returned,43.64
2024-02-29T09:02:23.162317,completed,15.87
2024-03-25T12:55:13.045929,cancelled,209.97
2025-06-24T04:04:02.248822,completed,6195.8
2024-05-18T19:20:17.320745,completed,119.52
2024-03-20T15:49:29.599611,shipped,342.07
2025-08-18T09:17:35.231091,processing,608.39
2025-10-09T18:38:12.890505,processing,152.3
2024-04-24T18:02:06.794813,shipped,315.42
2025-03-25T23:28:16.101286,shipped,439.71
2025-09-29T18:35:15.188802,returned,451.15
2024-03-21T14:42:12.234172,processing,96.63
2024-05-25T11:53:00.437546,shipped,170.12
2024-10-20T20:17:06.434637,returned,458.37
2024-01-02T13:27:11.519499,returned,397.23
2024-07-02T07:09:36.555677,processing,843.64
2025-05-24T20:25:25.930526,returned,57.18
2025-06-14T07:38:14.900836,completed,367.54
2025-07-23T09:01:50.500528,processing,438
2024-06-16T05:25:39.584555,returned,881.41
2025-08-04T03:48:49.245079,processing,960.84
2024-03-17T01:08:51.847107,completed,97.57
2025-07-29T14:48:54.726591,returned,540.15
2025-04-02T01:45:37.875625,returned,384.15
2024-02-05T02:53:00.289217,completed,218.42
2024-07-25T06:45:18.269571,returned,138.7
2024-12-27T07:55:49.020135,processing,21.15
2025-06-08T01:29:31.796785,shipped,587.73
2024-08-28T06:37:47.363532,cancelled,1874.73
2024-07-12T02:26:00.154009,cancelled,479.76
2024-09-19T06:40:17.678596,shipped,1352.63
2024-09-13T09:17:40.300744,shipped,999.48
2025-10-08T21:28:42.236600,processing,390.09
2024-11-03T07:47:27.475492,returned,253.94
2025-03-30T20:30:18.407035,shipped,73.39
2025-08-23T01:53:18.802107,cancelled,141.99
2024-03-23T12:02:01.938764,shipped,426.48
2024-08-03T13:36:55.982516,cancelled,146.81
2024-12-02T05:30:12.308508,processing,53.75
2024-03-26T04:31:23.892571,shipped,126.4
2025-04-20T22:50:02.911256,returned,382.34
2024-09-02T11:49:45.163267,completed,523.5
2024-04-12T06:18:32.650765,processing,83.11
2024-04-21T19:23:58.790574,completed,137.45
2025-08-12T07:47:23.953662,returned,178.31
2024-09-05T01:24:21.461001,cancelled,79.96
2024-07-06T06:59:55.519520,completed,2197.45
2025-01-18T01:58:41.839537,returned,494.32
2024-08-21T22:04:02.320054,cancelled,271.57
2024-05-27T18:38:12.017621,processing,217.35
2025-05-23T09:54:32.651050,returned,230.45
2024-07-13T02:35:44.031203,returned,435.57
2025-03-13T23:48:48.300148,completed,1143.19
2024-03-10T18:35:05.654366,returned,318.64
2024-06-28T15:13:51.978137,shipped,187.25
2025-02-22T14:33:31.436341,cancelled,401.91
2025-04-01T18:38:17.104623,completed,244.16
2025-08-18T00:56:57.744106,shipped,73.39
2024-10-11T08:05:33.148443,shipped,432.67
2024-06-30T23:45:41.479505,returned,354.14
2024-12-15T11:14:40.928153,cancelled,54.28
2024-11-06T15:43:41.345979,returned,224.63
2025-03-22T13:13:24.601102,processing,157.67
2025-02-26T01:53:55.028083,cancelled,76.91
2024-10-03T19:13:56.005873,processing,635.26
2025-06-11T07:55:24.851281,returned,237.62
2024-03-30T13:39:37.394689,completed,1415.15
2025-05-05T12:41:37.720083,shipped,273.48
2024-02-19T05:46:47.626813,shipped,863.9
2024-09-04T15:05:14.049462,shipped,740.75
2024-05-28T10:48:50.556229,returned,711.28
2025-07-11T10:15:30.649919,completed,509.83
2024-01-19T23:31:57.747215,shipped,2852.3
2024-02-21T13:20:01.578268,processing,676.91
2025-10-02T14:23:35.768001,processing,1088.06
2024-07-12T11:34:11.906799,shipped,1210.88
2025-08-06T21:50:26.976027,processing,975.13
2025-09-29T13:28:05.208482,processing,43.85
2024-12-18T12:17:28.513647,returned,691.46
2024-06-24T20:14:54.066393,processing,12.32
2024-02-14T23:01:22.082888,returned,159.43
2025-05-20T05:49:35.560868,shipped,414.66
2024-12-03T00:01:46.433074,returned,8.06
2024-01-24T09:16:18.211877,processing,61.02
2025-01-05T16:26:26.221004,completed,498.53
2024-12-23T11:56:17.040808,completed,396.98
2024-10-11T14:46:51.433055,completed,1989.66
2025-05-13T04:28:46.762690,shipped,241.88
2024-08-05T09:46:34.513644,shipped,3787.12
2025-08-27T01:01:39.092245,shipped,49.41
2024-06-03T01:17:51.889683,cancelled,1923.21
2024-09-13T23:31:36.387556,shipped,1388.64
2024-08-11T16:58:25.543155,returned,2038.82
2025-03-08T02:31:46.914769,completed,14.59
2025-02-28T10:09:20.556535,processing,66.52
2025-10-03T10:36:02.013133,shipped,302.37
2025-09-07T07:15:39.381881,processing,104.88
2025-06-28T10:23:36.502652,cancelled,174.8
2024-04-02T03:59:35.474222,processing,171.47
2024-05-20T02:43:11.780364,shipped,983.22
2024-07-29T14:18:43.739303,processing,186.88
2025-05-24T11:30:33.538873,processing,75.5
2024-02-25T00:45:24.814139,returned,1648.6
2024-10-24T20:32:32.921808,cancelled,533.64
2024-08-15T09:47:35.167681,shipped,1650.61
2025-03-14T05:25:12.762140,shipped,569.73
2024-02-28T21:45:16.982585,completed,95.98
2024-09-27T02:44:39.303285,completed,1206.5
2024-09-12T22:09:42.753357,cancelled,578.11
2024-01-20T23:11:00.609150,returned,460.34
2024-02-13T11:58:56.857990,processing,21.41
2024-04-11T02:14:23.804255,cancelled,46.36
2025-11-10T22:31:37.975728,completed,226.2
2024-07-30T11:47:19.925310,shipped,2014.07
2024-07-26T04:23:02.911309,returned,558.78
2024-07-12T06:44:21.835072,returned,1814.71
2025-07-25T19:43:21.869072,processing,625.02
2024-04-22T10:43:59.653072,processing,188.36
2025-08-02T12:32:22.356716,cancelled,418.2
2025-04-10T05:14:59.483706,returned,435.72
2025-08-25T11:25:21.516856,cancelled,176.48
2024-03-15T02:03:22.395414,shipped,2045.41
2024-03-23T05:53:19.324135,processing,112.7
2024-04-01T16:01:59.356071,completed,189.79
2024-03-19T15:48:08.666842,returned,115.95
2024-04-11T17:17:10.284505,shipped,23.37
2024-01-03T03:37:56.596577,completed,1836.69
2025-02-06T11:18:55.411629,returned,90.68
2024-03-18T20:39:36.569978,completed,810.13
2025-01-21T07:01:36.991350,shipped,1179
2024-08-24T19:47:25.518280,processing,1435.37
2024-10-16T20:15:50.966786,cancelled,375.24
2024-12-15T13:38:05.073358,shipped,1922.54
2024-06-28T10:29:36.884279,returned,161.29
2024-09-16T07:31:08.524605,completed,343.6
2024-12-27T10:45:29.342981,processing,585.96
2024-07-28T14:36:18.394567,shipped,363.25
2025-08-12T11:59:18.702826,returned,1141.53
2024-12-17T10:12:52.705044,shipped,269.17
2025-10-28T05:37:57.755270,processing,201.84
2025-02-14T04:37:05.297969,cancelled,32.16
2024-11-18T16:04:30.612348,shipped,230.79
2024-05-03T19:19:02.309645,processing,2180.2
2025-08-28T06:08:12.015919,cancelled,131.2
2025-08-13T12:27:36.640376,completed,331.98
2025-03-15T02:32:01.398674,cancelled,16.86
2024-11-15T11:50:33.769896,cancelled,58.02
2024-11-22T07:22:14.946481,shipped,192.22
2025-04-29T03:57:22.638911,cancelled,167.96
2025-03-04T14:01:23.049125,returned,218.2
2024-11-03T14:22:14.265690,shipped,247.5
2025-11-06T03:51:59.230834,completed,1212.47
2024-08-21T16:22:34.085320,cancelled,185.46
2024-10-30T09:02:49.663516,returned,107.38
2025-01-08T12:22:03.404223,shipped,231.83
2025-06-01T11:49:55.906481,shipped,504.18
2025-06-14T14:11:47.542063,cancelled,130.95
2024-09-23T01:49:13.777988,completed,744.27
2024-12-11T12:56:46.993878,cancelled,237.77
2025-09-29T11:38:49.353737,cancelled,365.96
2025-08-04T10:06:22.605505,completed,303.73
2024-05-05T12:50:24.984467,completed,1273.36
2024-11-19T14:06:11.370316,processing,16.14
2024-10-06T14:02:50.977865,returned,1549.27
2024-05-21T11:16:20.940381,shipped,112.2
2025-10-04T05:41:01.902808,processing,1150.99
2024-11-18T13:27:25.896744,processing,336.1
2024-06-26T18:42:10.146890,returned,18.26
2025-11-09T08:04:46.439088,processing,63.96
2025-05-26T06:11:53.945940,completed,152.9
2025-05-18T11:48:20.406032,returned,984.2
2025-02-09T10:15:08.850327,cancelled,52.92
2025-08-12T17:31:53.260931,cancelled,488.59
2025-09-10T22:46:27.255964,returned,168.02
2024-05-01T11:14:44.720157,cancelled,32.42
2025-03-30T11:24:00.803047,returned,702.55
2025-05-22T15:37:32.162723,shipped,906.42
2024-08-04T07:31:09.385776,shipped,123.72
2025-10-15T19:36:05.480218,completed,269.98
2025-01-06T00:46:36.227977,completed,1306.87
2024-09-30T11:02:16.396690,processing,1416.66
2024-12-30T23:18:21.315735,processing,362.35
2025-05-08T02:52:32.850588,completed,2583.17
2024-03-11T02:26:12.696630,returned,956.68
2024-06-27T20:38:17.618916,shipped,2208.7
2025-01-05T20:06:27.055041,processing,228.08
2025-07-25T02:06:31.736367,cancelled,91.54
2024-04-09T12:50:41.153957,shipped,87.54
2024-03-07T06:53:34.905574,processing,223.08
2025-01-28T05:13:54.218814,completed,105.36
2024-01-13T02:51:14.735206,cancelled,136.4
2024-02-27T05:35:27.257008,completed,455.87
2024-06-07T23:48:12.369351,cancelled,24.61
2024-10-23T19:49:39.900080,returned,139.45
2025-05-08T04:30:03.371528,completed,2141.19
2025-06-03T08:42:15.725629,cancelled,42.47
2024-01-26T11:35:41.235232,shipped,30.26
2024-08-18T19:13:18.261368,returned,663.11
2025-10-21T08:46:46.068003,cancelled,62.96
2024-12-12T22:58:34.220741,cancelled,494.94
2024-12-19T20:35:57.691911,processing,29.67
2025-05-05T19:26:05.494772,processing,2859.09
2025-04-06T03:18:26.382606,returned,195.3
2025-09-25T09:29:43.900299,shipped,137.24
2025-07-27T14:02:20.469509,processing,238.36
2024-01-26T23:17:44.110384,returned,1129.44
2024-10-28T19:11:55.241947,processing,408.71
2025-03-28T00:05:14.150907,processing,237.02
2024-01-04T22:09:11.991898,shipped,187.33
2025-10-21T15:19:06.538910,shipped,1273.27
2024-07-24T00:24:41.895461,completed,90.21
2025-01-05T04:31:44.965214,shipped,454.71
2024-04-15T20:21:56.900275,completed,638.3
2024-07-30T15:16:21.930239,shipped,332.56
2025-05-28T11:59:00.763232,completed,1322.13
2024-09-22T07:14:54.332614,completed,308.88
2025-03-10T12:17:37.681488,shipped,125.28
2025-07-01T12:42:17.533495,returned,1351.78
2025-01-27T09:15:27.432629,shipped,4377.85
2025-01-16T15:16:26.254002,completed,549.87
2025-05-25T17:44:48.791061,returned,638.51
2025-01-13T23:21:02.599273,cancelled,2571.53
2024-08-28T01:51:57.129542,cancelled,170.63
2024-10-23T01:54:22.623021,shipped,1012.02
2024-02-01T08:37:36.295048,completed,5.11
2025-09-24T10:45:07.568554,completed,1042.53
2024-10-20T01:39:11.672414,returned,877.12
2025-11-05T03:42:48.246174,processing,4850.64
2025-08-02T22:42:22.538511,completed,2275.76
2025-01-05T19:22:03.717300,shipped,29.5
2025-04-17T18:23:50.695103,returned,27.08
2024-09-29T14:24:43.615351,returned,389.98
2024-02-11T16:24:47.378583,cancelled,514.44
2025-04-23T02:59:51.618971,shipped,599.32
2024-12-04T00:41:07.835881,processing,15.04
2025-05-16T13:21:14.009477,shipped,36.42
2025-02-07T17:40:45.527703,completed,995.65
2025-08-06T01:54:12.748936,shipped,300.07
2025-09-17T08:32:20.459409,cancelled,299.14
2025-07-10T05:26:10.830931,processing,478.24
2024-10-30T21:29:09.545757,shipped,44.02
2025-06-04T09:46:16.488649,shipped,1273.88
2025-07-17T13:21:16.681933,cancelled,52.33
2024-09-06T07:43:43.643368,completed,710.93
2025-01-21T12:42:35.961183,returned,675.42
2025-04-16T11:12:01.382312,shipped,85.79
2024-09-07T01:50:44.460519,shipped,38.54
2025-01-29T19:11:28.846066,returned,34.59
2024-03-04T15:42:16.482988,completed,204.29
2024-06-06T02:45:57.069023,returned,2546.41
2025-07-07T18:51:02.350012,returned,32.11
2024-07-08T16:30:12.363598,returned,95.58
2025-08-23T15:35:38.265755,processing,112.6
2024-09-08T14:23:20.332518,shipped,32.31
2024-10-31T23:25:13.737018,shipped,515.64
2024-12-28T09:38:16.600834,completed,19.6
2024-04-30T00:49:38.846307,processing,466.89
2024-10-07T00:34:59.700960,cancelled,96.19
2024-11-11T06:43:11.032692,returned,66.1
2024-10-30T05:06:12.655355,processing,1170.05
2025-08-11T20:24:14.684835,shipped,48.42
2025-09-09T07:37:25.311795,returned,169.16
2024-09-14T15:12:39.690764,completed,750.57
2025-08-14T19:27:33.443579,returned,272.4
2025-08-26T21:54:32.721056,cancelled,519.75
2025-05-27T16:22:15.842776,shipped,296.76
2024-06-27T05:24:04.831348,processing,460.66
2025-10-12T12:01:09.667429,returned,139.45
2025-07-31T21:37:38.873504,cancelled,114.03
2025-07-24T14:45:07.111028,completed,1895.52
2024-11-30T18:48:15.207188,returned,55.21
2024-07-26T14:46:00.054838,completed,41.15
2025-06-21T23:02:15.586114,processing,381.12
2024-06-14T00:14:02.845824,processing,307.59
2025-01-02T06:04:21.836305,processing,147.11
2024-04-16T16:53:24.858279,shipped,3759.4
2025-10-21T09:26:59.029234,cancelled,723.04
2024-10-20T01:40:15.918588,shipped,173.72
2024-02-15T22:31:33.154870,cancelled,74.5
2024-01-02T06:02:27.141253,returned,325.32
2024-04-18T12:34:18.459969,processing,121
2024-07-15T10:09:38.211340,cancelled,200.33
2025-06-06T16:06:25.770594,completed,549.32
2025-10-12T14:47:20.590035,cancelled,83.17
2024-05-06T03:28:29.221437,cancelled,1364.3
2025-09-02T03:30:29.534712,cancelled,238.8
2025-03-03T11:48:05.969119,cancelled,1673.55
2024-08-24T10:26:36.418628,processing,873.3
2024-04-13T18:03:32.997643,processing,865.91
2025-04-29T16:58:21.732558,processing,768.83
2025-02-06T00:57:46.991150,cancelled,71.29
2024-07-25T03:06:37.656010,completed,526.8
2025-02-09T12:46:31.896318,returned,959.17
2024-10-15T11:33:20.169371,processing,13.04
2024-06-18T16:16:52.813577,completed,717.85
2025-06-20T19:51:00.945398,completed,1483.4
2024-12-07T19:42:01.616440,shipped,313.17
2024-03-16T19:21:03.018052,completed,258.37
2025-09-14T05:25:59.299504,cancelled,96.44
2024-02-13T07:52:18.545147,cancelled,405.22
2025-02-19T05:08:21.644690,completed,214.66
2024-06-19T13:44:28.147572,returned,2949.02
2025-01-16T12:39:31.510147,returned,3416.4
2024-02-28T16:25:14.237128,processing,85
2024-10-21T19:12:25.336064,returned,278.13
2024-08-25T07:07:01.818925,returned,116.22
2025-01-04T11:29:47.459953,shipped,265.37
2024-12-10T19:00:17.702754,shipped,128.9
2024-11-08T06:24:35.120877,shipped,223.32
2024-01-26T10:48:55.321509,completed,177.77
2025-10-06T13:06:25.504124,returned,482.88
2024-02-19T19:59:41.834924,returned,30.59
2025-06-13T16:24:48.270651,completed,951.69
2024-09-08T22:20:59.619110,shipped,461.56
2024-09-02T15:49:38.257522,shipped,130.56
2024-06-26T05:06:55.835518,shipped,12.46
2025-08-27T22:48:41.017990,completed,154.05
2025-04-18T21:46:49.168213,returned,2921.39
2025-08-02T07:26:50.759696,returned,1287.6
2024-11-13T06:23:48.281683,shipped,29.68
2024-05-08T14:54:29.142820,processing,772.8
2025-06-10T00:00:52.497231,processing,2077.17
2024-07-18T22:04:36.027041,cancelled,427.91
2024-10-17T15:46:24.492581,processing,1105.67
2025-02-23T05:22:32.758354,completed,74.56
2025-01-16T18:34:17.331686,completed,1648.71
2025-02-26T14:38:24.881467,shipped,293.38
2024-09-27T15:08:38.544271,returned,138.01
2025-06-11T12:09:23.509997,returned,475.65
2025-07-10T04:17:53.667192,shipped,19.51
2024-06-21T18:11:59.701751,shipped,811.5
2024-02-14T18:05:26.868792,shipped,680.45
2025-11-13T22:03:11.187698,shipped,1533.86
2024-04-12T15:07:38.815490,shipped,336.5
2024-11-01T04:05:34.313377,returned,226.14
2024-09-16T11:44:30.475647,shipped,126.37
2024-04-16T16:18:22.779065,shipped,44.53
2024-12-06T15:34:49.662119,shipped,77.58
2025-10-01T12:21:51.267529,shipped,60.14
2025-01-31T16:47:13.709626,returned,168.44
2024-02-18T02:50:00.254561,shipped,713.17
2025-08-17T03:51:54.491483,shipped,151.39
2025-03-12T18:09:52.639181,completed,168.05
2024-09-28T04:54:59.628371,processing,1361.14
2025-10-07T19:07:38.811863,returned,180.49
2024-02-29T08:19:18.708122,cancelled,25.57
2024-12-11T00:17:03.469204,completed,408.06
2025-01-27T02:02:24.176431,processing,638.5
2025-01-04T13:11:31.121289,returned,1395.52
2025-10-21T14:36:27.009657,cancelled,1268.16
2024-03-03T21:54:31.526147,processing,228.38
2024-10-28T04:08:33.052607,shipped,83.34
2024-07-06T16:36:26.864694,returned,1096.73
2024-01-17T12:12:37.910669,returned,184.85
2025-09-18T22:01:35.269543,returned,227.12
2024-07-28T21:03:47.543005,cancelled,2159.94
2024-05-15T04:03:52.052691,completed,113.66
2025-06-15T18:26:31.082560,shipped,53.51
2024-03-30T09:38:32.298857,returned,278.92
2024-01-19T15:32:41.394937,completed,71.72
2024-10-05T00:16:27.656159,returned,2335.43
2024-04-14T10:39:44.839938,processing,501.37
2025-03-25T05:00:59.990380,processing,272.31
2025-01-05T18:03:26.508366,processing,639.96
2025-07-12T04:24:30.054134,processing,521.16
2024-01-06T13:05:42.305927,shipped,438.86
2024-01-17T13:53:19.628348,processing,2911.1
2025-05-01T21:04:24.736019,cancelled,115.56
2024-01-26T12:21:32.958971,processing,590.54
2024-02-25T21:19:40.972111,processing,114.66
2025-08-03T23:09:38.357381,processing,13.13
2025-06-13T10:30:10.719807,shipped,505.82
2024-06-18T01:02:36.870725,cancelled,280.47
2025-06-17T04:03:57.915020,shipped,436.33
2024-01-24T02:13:28.221054,returned,743.73
2025-08-22T13:36:08.640405,returned,36.42
2024-09-07T01:37:57.735053,returned,320.23
2025-06-07T12:09:10.143101,cancelled,985.62
2025-03-07T21:34:43.729082,cancelled,474.53
2025-01-26T21:29:58.911823,completed,1045.7
2024-05-14T00:08:12.819503,shipped,333.2
2024-05-15T00:40:49.147393,completed,1046.44
2025-09-23T22:46:32.910397,processing,318.28
2025-02-28T00:50:25.212913,returned,44.33
2024-05-21T21:58:09.601461,completed,50.66
2024-04-26T12:55:33.988160,shipped,166.87
2025-08-30T12:46:42.856441,processing,2002.77
2025-08-09T08:06:31.717547,cancelled,418.78
2025-05-18T04:04:35.099271,processing,70.39
2024-04-26T05:07:33.381700,processing,177.33
2024-08-17T06:31:12.864487,shipped,134.99
2024-02-11T05:03:26.481103,cancelled,1389.62
2024-03-22T07:52:53.794542,processing,249.07
2025-09-23T19:18:48.959382,shipped,919.85
2024-06-06T04:59:00.774306,returned,12.66
2024-03-06T02:00:37.061316,completed,706.7
2025-09-12T21:03:13.266186,completed,1018.29
2025-09-03T04:38:06.642648,shipped,308.56
2025-09-19T13:35:20.370701,shipped,204.76
2024-08-09T05:50:48.227751,cancelled,2150.76
2025-07-04T19:55:26.702128,returned,1272.62
2025-10-14T09:04:09.158832,shipped,100.66
2024-03-29T09:15:41.666166,shipped,109.86
2024-11-19T09:56:05.979471,cancelled,144.93
2025-08-01T01:53:44.557924,processing,513.32
2025-04-20T05:27:19.244328,completed,36.92
2024-11-18T09:45:03.839781,cancelled,190.14
2025-06-07T15:07:40.785846,cancelled,464
2024-03-06T05:13:31.260445,completed,374.97
2025-06-24T06:49:58.050580,returned,483.6
2025-05-11T15:23:21.463735,cancelled,1256.26
2025-09-23T11:14:24.889037,completed,1072.83
2024-12-28T23:54:46.520786,cancelled,149.55
2024-04-02T06:55:20.443544,completed,69.5
2024-05-22T17:35:21.592856,processing,46.64
2024-11-17T13:46:40.977403,cancelled,47.16
2024-05-22T03:58:25.993989,processing,1200.52
2025-10-07T21:36:29.726331,cancelled,133.78
2024-01-19T09:38:43.455538,cancelled,496.67
2024-09-05T21:10:01.363137,completed,280.45
2025-04-28T07:12:19.325051,completed,476.98
2025-01-04T16:44:46.028484,completed,884.41
2025-09-04T09:57:20.774644,completed,84.5
2025-04-12T05:48:18.466316,processing,6.75
2025-07-12T04:18:19.014946,returned,408.2
2024-03-11T19:27:28.026155,completed,11.4
2025-04-09T22:09:57.063964,shipped,181.15
2024-03-21T16:52:32.384957,returned,74.08
2025-11-09T20:40:04.638426,returned,275.17
2025-02-19T19:48:31.381150,processing,761.43
2024-08-07T03:55:25.051760,processing,64.52
2024-03-08T21:10:47.158068,returned,301.42
2025-01-11T06:08:08.802613,returned,2.22
2025-09-01T18:20:53.965258,processing,41.51
2025-01-22T03:20:45.066362,shipped,2254.87
2024-02-09T23:09:22.631875,returned,252.21
2025-07-06T04:59:39.246204,returned,771.5
